,date,size,sub_link
4507,2010-02-18 18:38:00,1.5M,joel-20091112-xuc.tgz
4508,2010-02-18 22:28:00,970K,joel-20091112-zbl.tgz
4509,2010-02-02 16:18:00,1.0M,joel-20091116-aqq.tgz
4510,2010-02-02 16:18:00,930K,joel-20091116-ehr.tgz
4511,2010-02-02 16:18:00,1.0M,joel-20091116-gpo.tgz
4512,2010-02-02 16:18:00,1.1M,joel-20091116-hih.tgz
4513,2010-02-02 16:18:00,947K,joel-20091116-onv.tgz
4514,2010-02-02 16:18:00,910K,joel-20091116-uin.tgz
4515,2010-02-02 16:18:00,1.1M,joel-20091206-dem.tgz
4516,2012-05-08 13:09:00,1.1M,joel-20110310-chd.tgz
4517,2012-05-08 13:09:00,1.1M,joel-20110310-kcq.tgz
4518,2012-05-08 13:08:00,1.2M,joel-20110310-rsn.tgz
4519,2012-05-08 13:09:00,1.1M,joel-20110310-sjc.tgz
4520,2010-02-02 16:18:00,1.1M,joel4039-20091223-oqi.tgz
4521,2008-10-15 09:45:00,1.3M,john-20081011-jnr.tgz
4522,2016-04-28 16:05:00,2.1M,john_doe-20160427-vxr.tgz
4523,2016-04-28 16:06:00,2.4M,john_doe-20160427-yss.tgz
4524,2016-05-01 13:04:00,1.5M,john_doe-20160428-cpl.tgz
4525,2016-05-01 13:05:00,2.3M,john_doe-20160428-fbu.tgz
4526,2016-05-09 04:12:00,2.3M,john_doe-20160430-msj.tgz
4527,2016-05-09 04:11:00,2.4M,john_doe-20160430-tqn.tgz
4528,2016-05-12 11:08:00,2.1M,john_doe-20160503-cko.tgz
4529,2016-05-12 11:08:00,2.4M,john_doe-20160503-hjp.tgz
4530,2016-05-12 11:08:00,2.4M,john_doe-20160503-mmu.tgz
4531,2016-05-12 11:08:00,2.5M,john_doe-20160503-psh.tgz
4532,2016-06-02 11:41:00,2.0M,john_doe-20160529-kvn.tgz
4533,2016-06-02 11:41:00,2.3M,john_doe-20160529-lpg.tgz
4534,2016-06-06 04:07:00,1.5M,john_doe-20160530-ebw.tgz
4535,2016-06-06 04:07:00,2.3M,john_doe-20160530-xdn.tgz
4536,2016-06-06 04:07:00,2.3M,john_doe-20160603-fvm.tgz
4537,2016-06-06 04:07:00,2.7M,john_doe-20160603-lfg.tgz
4538,2016-07-15 04:13:00,2.4M,john_doe-20160616-fjd.tgz
4539,2016-07-15 04:12:00,2.0M,john_doe-20160616-ylm.tgz
4540,2016-07-15 04:12:00,2.9M,john_doe-20160619-arj.tgz
4541,2016-07-15 04:13:00,2.7M,john_doe-20160619-giw.tgz
4542,2016-07-15 04:12:00,2.0M,john_doe-20160708-qaf.tgz
4543,2016-07-15 04:12:00,2.4M,john_doe-20160708-riq.tgz
4544,2017-02-07 12:47:00,2.9M,john_doe-20160717-rdx.tgz
4545,2015-01-03 03:00:00,1.2M,johnmathe-20141223-bai.tgz
4546,2010-06-04 12:45:00,969K,johnmhill-20100324-fxw.tgz
4547,2013-03-09 03:56:00,1.9M,jonneypaul-20120810-xvv.tgz
4548,2012-05-08 10:49:00,1.8M,jonnystecchino-20110117-nvo.tgz
4549,2013-03-14 03:59:00,1.0M,jonvk-20120917-axt.tgz
4550,2013-03-14 03:59:00,1.2M,jonvk-20120917-cpo.tgz
4551,2013-03-14 03:59:00,1.0M,jonvk-20120917-svi.tgz
4552,2013-03-14 03:59:00,1.3M,jonvk-20120917-zmo.tgz
4553,2008-09-02 10:10:00,1.6M,jooles-20080826.tgz
4554,2010-02-02 16:19:00,934K,jorje_villafan-20090905-bzk.tgz
4555,2010-02-02 16:19:00,1.0M,jorje_villafan-20090905-fmm.tgz
4556,2013-05-08 17:13:00,1.3M,josher2468-20121017-kit.tgz
4557,2014-02-21 04:45:00,1.2M,jospoortvliet-20130728-hsv.tgz
4558,2014-02-26 04:39:00,1.4M,jospoortvliet-20130728-pqq.tgz
4559,2013-03-31 14:50:00,1.0M,jpaugh-20130304-fua.tgz
4560,2013-04-02 04:10:00,1.0M,jpaugh-20130304-vwv.tgz
4561,2009-02-10 14:12:00,908K,jpbailey-20090201-lqs.tgz
4562,2013-07-18 04:11:00,1.1M,jpetazzo-20130704-tpc.tgz
4563,2012-05-10 04:29:00,1.5M,jphaynes1966-20111123-uqo.tgz
4564,2012-04-25 02:00:00,1.2M,jrichards-20101003-bpt.tgz
4565,2012-04-25 01:58:00,1.2M,jrichards-20101003-swt.tgz
4566,2010-09-19 11:16:00,1.1M,jrutley-20100820-wwz.tgz
4567,2010-09-19 11:18:00,1.3M,jrutley-20100820-wze.tgz
4568,2010-09-19 11:14:00,874K,jrutley-20100820-zrj.tgz
4569,2010-02-02 16:20:00,658K,jtmiles-20090618-iug.tgz
4570,2010-02-02 16:20:00,837K,jtmiles-20090618-llp.tgz
4571,2010-02-02 16:20:00,808K,jtmiles-20090618-psn.tgz
4572,2010-02-02 16:20:00,761K,jtmiles-20090618-ton.tgz
4573,2010-02-02 16:20:00,738K,jtmiles-20090618-tso.tgz
4574,2010-02-02 16:20:00,718K,jtmiles-20090618-uad.tgz
4575,2010-02-02 16:20:00,626K,jtmiles-20090618-zga.tgz
4576,2010-02-02 16:20:00,1.7M,juan-20091128-uih.tgz
4577,2012-05-23 04:03:00,1.3M,juan-20120518-ary.tgz
4578,2012-05-11 14:43:00,1.3M,junkong-20120118-dlm.tgz
4579,2013-05-08 17:13:00,1.2M,jvluyn-20121121-vqm.tgz
4580,2013-04-03 04:19:00,1.1M,jyuter-20130227-dfe.tgz
4581,2013-04-03 04:19:00,1.0M,jyuter-20130227-wkc.tgz
4582,2009-02-10 14:12:00,821K,k-20090202-afe.tgz
4583,2009-02-10 14:12:00,882K,k-20090202-bzc.tgz
4584,2009-02-10 14:12:00,800K,k-20090202-csh.tgz
4585,2009-02-10 14:12:00,919K,k-20090202-ddq.tgz
4586,2009-02-10 14:12:00,1.0M,k-20090202-dfj.tgz
4587,2009-02-10 14:12:00,1.0M,k-20090202-dkx.tgz
4588,2009-02-10 14:12:00,859K,k-20090202-dty.tgz
4589,2009-02-10 14:12:00,829K,k-20090202-fgs.tgz
4590,2009-02-10 14:12:00,850K,k-20090202-fyr.tgz
4591,2009-02-10 14:12:00,901K,k-20090202-hrd.tgz
4592,2009-02-10 14:12:00,741K,k-20090202-iko.tgz
4593,2009-02-10 14:12:00,928K,k-20090202-jnp.tgz
4594,2009-02-10 14:12:00,885K,k-20090202-jux.tgz
4595,2009-02-10 14:12:00,931K,k-20090202-kqq.tgz
4596,2009-02-10 14:12:00,864K,k-20090202-laz.tgz
4597,2009-02-10 14:12:00,1.0M,k-20090202-ncv.tgz
4598,2009-02-10 14:12:00,1.0M,k-20090202-nia.tgz
4599,2009-02-10 14:12:00,866K,k-20090202-oqi.tgz
4600,2009-02-10 14:12:00,936K,k-20090202-qaw.tgz
4601,2009-02-10 14:12:00,915K,k-20090202-svp.tgz
4602,2009-02-10 14:12:00,810K,k-20090202-svq.tgz
4603,2009-02-10 14:12:00,816K,k-20090202-ttf.tgz
4604,2009-02-10 14:12:00,821K,k-20090202-wgd.tgz
4605,2009-02-10 14:12:00,815K,k-20090202-wuo.tgz
4606,2009-02-10 14:12:00,805K,k-20090202-xoj.tgz
4607,2009-02-10 14:12:00,863K,k-20090203-dtb.tgz
4608,2009-02-10 14:12:00,1.1M,k-20090203-oiu.tgz
4609,2009-02-10 14:12:00,737K,k-20090203-out.tgz
4610,2009-02-10 14:12:00,774K,k-20090203-zmz.tgz
4611,2009-02-10 14:12:00,1.0M,k-20090204-cxv.tgz
4612,2009-02-10 14:12:00,847K,k-20090204-kkr.tgz
4613,2009-02-10 14:12:00,1.2M,k-20090204-pbo.tgz
4614,2009-02-10 14:12:00,740K,k-20090204-rvw.tgz
4615,2009-02-10 14:12:00,871K,k-20090204-tja.tgz
4616,2009-02-10 14:12:00,843K,k-20090204-tyq.tgz
4617,2009-02-10 14:12:00,930K,k-20090204-yav.tgz
4618,2009-02-10 14:12:00,919K,k-20090204-ymt.tgz
4619,2012-05-11 14:44:00,949K,kadoban-20120417-bwn.tgz
4620,2012-05-11 04:50:00,1.1M,kadoban-20120417-ebo.tgz
4621,2012-05-11 04:50:00,908K,kadoban-20120417-kih.tgz
4622,2012-05-11 04:45:00,1.3M,kadoban-20120417-ldw.tgz
4623,2012-05-11 04:51:00,903K,kadoban-20120417-ydj.tgz
4624,2010-02-02 16:21:00,1.3M,kaeles-20090413-jva.tgz
4625,2010-02-02 16:22:00,1.3M,kaeles-20090413-mtv.tgz
4626,2012-05-11 14:44:00,1.6M,kalljo-20120308-els.tgz
4627,2016-02-03 03:56:00,1.8M,karthik-20160130-yus.tgz
4628,2015-07-21 02:58:00,1.7M,katalia369-20150719-cqj.tgz
4629,2012-05-04 14:57:00,1.2M,katthernandez-20101031-byc.tgz
4630,2007-05-28 07:36:00, 21M,kayray-20070425-per04.tgz
4631,2007-05-28 07:36:00, 35M,kayray-20070527-per07.tgz
4632,2007-05-29 16:23:00, 40M,kayray-20070529-per20.tgz
4633,2007-05-29 16:23:00, 18M,kayray-20070529b-per24.tgz
4634,2007-06-05 07:26:00, 11M,kayray-20070604-wha.tgz
4635,2007-06-08 06:38:00, 12M,kayray-20070607-cam.tgz
4636,2007-06-09 06:19:00,9.7M,kayray-20070608-rhi.tgz
4637,2007-06-12 13:40:00, 29M,kayray-20070611-ele.tgz
4638,2007-06-11 17:17:00, 23M,kayray-20070611-leo.tgz
4639,2010-02-02 16:23:00,1.3M,kc0vgj-20091223-qgw.tgz
4640,2013-12-20 04:23:00,1.5M,kenanbit-20130805-bih.tgz
4641,2013-12-20 04:23:00,1.5M,kenanbit-20130805-cpn.tgz
4642,2013-12-20 04:24:00,1.4M,kenanbit-20130805-nsq.tgz
4643,2013-12-20 04:24:00,1.4M,kenanbit-20130805-nta.tgz
4644,2013-09-15 04:27:00,1.4M,kenanbit-20130805-onq.tgz
4645,2013-09-15 04:27:00,1.5M,kenanbit-20130805-rrp.tgz
4646,2013-12-20 04:23:00,1.6M,kenanbit-20130805-wgl.tgz
4647,2013-12-20 04:24:00,1.5M,kenanbit-20130805-xhl.tgz
4648,2014-02-07 04:57:00,1.2M,kenanbit-20140130-itl.tgz
4649,2014-02-11 04:47:00,1.2M,kenanbit-20140130-kvw.tgz
4650,2014-02-07 04:56:00,1.4M,kenanbit-20140130-omp.tgz
4651,2014-02-07 04:58:00,1.3M,kenanbit-20140130-xmv.tgz
4652,2012-05-09 20:56:00,1.2M,kendallykay-20110524-qyf.tgz
4653,2013-04-09 04:16:00,1.2M,keshav-20130114-kud.tgz
4654,2010-06-04 12:46:00,1.3M,kesna-20100423-cnn.tgz
4655,2012-05-07 11:40:00,1.4M,kfinity-20101222-bkb.tgz
4656,2012-05-28 14:52:00,1.4M,kfinity-20101222-cgk.tgz
4657,2012-05-07 11:40:00,1.3M,kfinity-20101222-czl.tgz
4658,2012-05-07 11:40:00,1.2M,kfinity-20101222-igi.tgz
4659,2012-05-07 11:40:00,1.1M,kfinity-20101222-vjn.tgz
4660,2012-05-07 11:40:00,1.2M,kfinity-20101222-vvm.tgz
4661,2012-05-07 11:40:00,1.2M,kfinity-20101223-nix.tgz
4662,2012-05-07 11:40:00,1.2M,kfinity-20101231-ypw.tgz
4663,2012-05-07 15:09:00,1.1M,kfinity-20110122-rww.tgz
4664,2012-05-10 04:32:00,1.5M,kfinity-20110920-vck.tgz
4665,2013-04-02 04:11:00,920K,kfinity-20130330-olx.tgz
4666,2010-09-21 08:15:00,1.3M,kgr-20100820-fnu.tgz
4667,2010-09-22 08:16:00,1.1M,kgr-20100820-gax.tgz
4668,2009-02-10 14:12:00,1.0M,khemboy-20090128-hvx.tgz
4669,2009-02-10 14:12:00,1.0M,khemboy-20090128-lnk.tgz
4670,2009-02-10 14:12:00,1.0M,khemboy-20090129-gno.tgz
4671,2013-05-14 04:17:00,1.4M,khoi2401-20121024-guv.tgz
4672,2013-05-10 04:30:00,1.4M,khoi2401-20121024-ncb.tgz
4673,2014-06-11 04:37:00,1.4M,kimkaromi-20140605-abp.tgz
4674,2014-06-11 04:36:00,1.8M,kimkaromi-20140605-ijk.tgz
4675,2014-06-11 04:36:00,1.4M,kimkaromi-20140605-ohz.tgz
4676,2014-06-11 04:36:00,1.5M,kimkaromi-20140605-wot.tgz
4677,2014-06-13 04:42:00,1.5M,kimkaromi-20140605-wvk.tgz
4678,2012-05-11 14:43:00,1.2M,kirkl66-20120228-dfr.tgz
4679,2015-05-05 03:16:00,1.4M,kk-20150208-zon.tgz
4680,2014-03-21 05:05:00,937K,kkb350-20140304-wkk.tgz
4681,2012-07-14 04:26:00,1.4M,klaus-20120711-crf.tgz
4682,2010-02-02 16:23:00,767K,kmac_byc-20090415-xnt.tgz
4683,2010-02-14 23:42:00,2.2M,kmaclean-06092006.tgz
4684,2010-02-14 23:42:00,2.2M,kmaclean-06122006.tgz
4685,2010-02-14 23:43:00,4.9M,kmaclean-06152006.tgz
4686,2010-02-10 05:28:00,5.0M,kmaclean-12062006-a.tgz
4687,2010-02-10 05:29:00,4.7M,kmaclean-12062006.tgz
4688,2008-02-08 03:40:00,1.5M,kmaclean-20071108-poe.tgz
4689,2008-01-12 03:29:00,1.3M,kmaclean-20080111-cab.tgz
4690,2008-01-12 03:29:00,1.3M,kmaclean-20080111-mjp.tgz
4691,2008-01-12 03:29:00,1.3M,kmaclean-20080111-wjw.tgz
4692,2008-01-13 03:57:00,1.4M,kmaclean-20080113-dgb.tgz
4693,2008-02-28 03:37:00,1.5M,kmaclean-20080227-vty.tgz
4694,2008-04-04 04:05:00,1.4M,kmaclean-20080403-gzi.tgz
4695,2010-06-05 08:11:00,1.4M,kmitch-20100603-cip.tgz
4696,2010-06-05 08:11:00,1.3M,kmitch-20100603-esk.tgz
4697,2010-06-05 08:12:00,1.6M,kmitch-20100603-ftd.tgz
4698,2010-06-05 08:11:00,1.3M,kmitch-20100603-gnu.tgz
4699,2010-06-05 08:09:00,1.3M,kmitch-20100603-jic.tgz
4700,2010-06-05 08:09:00,1.3M,kmitch-20100603-khg.tgz
4701,2010-06-05 08:11:00,1.4M,kmitch-20100603-mvo.tgz
4702,2010-06-08 16:47:00,1.4M,kmitch-20100603-pqs.tgz
4703,2010-06-05 08:12:00,1.3M,kmitch-20100603-qtr.tgz
4704,2010-06-05 08:12:00,1.3M,kmitch-20100603-sfu.tgz
4705,2010-06-05 08:12:00,1.4M,kmitch-20100603-xmp.tgz
4706,2010-06-05 08:11:00,1.3M,kmitch-20100603-yum.tgz
4707,2012-06-20 04:08:00,1.1M,knightroto-20120618-wmx.tgz
4708,2007-06-21 05:53:00, 23M,knotyouraveragejo-20070620-sci.tgz
4709,2007-06-22 05:42:00, 23M,knotyouraveragejo-20070621-sci.tgz
4710,2008-05-27 06:18:00, 49M,knotyouraveragejo-20080426-adv.tgz
4711,2008-05-29 06:05:00, 44M,knotyouraveragejo-20080428-adv.tgz
4712,2008-06-04 08:41:00, 43M,knotyouraveragejo-20080502-adv.tgz
4713,2008-06-25 15:25:00, 64M,knotyouraveragejo-20080524-mtn.tgz
4714,2008-06-26 06:09:00, 47M,knotyouraveragejo-20080525-mt2.tgz
4715,2013-06-01 04:04:00,1.8M,kockot-20130530-euq.tgz
4716,2009-02-10 14:12:00,930K,koopero-20090127-flx.tgz
4717,2010-02-02 16:25:00,1.1M,koopero-20091113-qke.tgz
4718,2010-06-04 12:44:00,1.2M,koutakurugi-20100509-mls.tgz
4719,2009-02-26 12:04:00,1.1M,kpeysin-20090212-syj.tgz
4720,2012-05-11 14:43:00,1.3M,kristenwegner-20120217-gdx.tgz
4721,2009-01-09 10:34:00,1.0M,kurianthayil-20090102-sji.tgz
4722,2007-04-30 00:16:00,5.8M,kylegoetz-10122006.tgz
4723,2008-04-03 04:02:00,733K,lance_-20080402-nhk.tgz
4724,2008-12-04 10:27:00,811K,laserbeams-20081202-dcx.tgz
4725,2008-12-04 10:27:00,884K,laserbeams-20081202-hgu.tgz
4726,2008-12-04 10:27:00,954K,laserbeams-20081202-knp.tgz
4727,2008-12-04 10:27:00,731K,laserbeams-20081202-lvo.tgz
4728,2008-12-04 10:27:00,909K,laserbeams-20081202-sun.tgz
4729,2008-12-04 10:27:00,681K,laserbeams-20081202-yih.tgz
4730,2008-12-04 10:27:00,691K,laserbeams-20081202-yya.tgz
4731,2010-02-02 16:26:00,1.4M,latrokles-20091209-qfa.tgz
4732,2010-02-02 16:26:00,1.4M,latrokles-20091209-tjh.tgz
4733,2012-05-04 14:57:00,1.6M,lengau-20101020-xpu.tgz
4734,2008-06-27 06:47:00, 46M,leonMire-20080526-lev.tgz
4735,2008-04-29 04:22:00,1.5M,letsdothis-20080428-tfe.tgz
4736,2007-05-31 11:40:00, 38M,librivoxMP3-20070530-MOB.tgz
4737,2008-09-03 08:35:00,1.4M,life4himsq-20080807-vvt.tgz
4738,2008-09-03 08:35:00,1.2M,life4himsq-20080807-xne.tgz
4739,2014-04-29 04:46:00,1.8M,lillorme-20140426-fmq.tgz
4740,2010-02-02 16:27:00,854K,lindacrisan-20091116-cgx.tgz
4741,2008-10-15 09:45:00,940K,lindavg-20081007-adc.tgz
4742,2008-10-15 09:45:00,755K,lindavg-20081007-ahj.tgz
4743,2008-10-15 09:45:00,1.2M,lindavg-20081007-cqp.tgz
4744,2008-10-15 09:45:00,841K,lindavg-20081007-eym.tgz
4745,2008-10-15 09:45:00,833K,lindavg-20081007-fap.tgz
4746,2008-10-15 09:45:00,803K,lindavg-20081007-heh.tgz
4747,2008-10-15 09:45:00,813K,lindavg-20081007-jyk.tgz
4748,2008-10-15 09:45:00,940K,lindavg-20081007-lxd.tgz
4749,2008-10-15 09:45:00,907K,lindavg-20081007-ocy.tgz
4750,2008-10-15 09:45:00,874K,lindavg-20081007-ovc.tgz
4751,2008-10-15 09:45:00,908K,lindavg-20081007-oyi.tgz
4752,2008-10-15 09:45:00,1.1M,lindavg-20081007-snd.tgz
4753,2008-10-15 09:45:00,931K,lindavg-20081007-trz.tgz
4754,2008-10-15 09:45:00,823K,lindavg-20081007-wxe.tgz
4755,2008-10-15 09:45:00,1.0M,lindavg-20081007-wyi.tgz
4756,2008-05-05 04:53:00,1.2M,linforcer-20080504-plx.tgz
4757,2010-09-21 08:17:00,1.3M,liquidoc-20100820-gfs.tgz
4758,2008-09-30 06:27:00,5.1M,locked-20080927-cc.tgz
4759,2014-02-17 04:55:00,1.2M,lolcatz-20130915-orx.tgz
4760,2010-02-02 16:27:00,1.0M,loooool-20090910-ktt.tgz
4761,2008-07-11 06:48:00,710K,lostincyberspace-20080708-msq.tgz
4762,2013-03-09 03:56:00,1.3M,lsparrish-20120806-gni.tgz
4763,2012-09-04 04:40:00,1.3M,lsparrish-20120806-utv.tgz
4764,2012-09-04 04:38:00,1.1M,lsparrish-20120806-zaw.tgz
4765,2014-09-29 04:17:00,1.3M,luismpradom-20140927-qum.tgz
4766,2014-04-30 04:42:00,1.7M,lukedickens-20140428-brm.tgz
4767,2008-10-30 15:36:00,933K,lukespearcouk-20081023-cao.tgz
4768,2008-10-30 15:36:00,866K,lukespearcouk-20081023-cdl.tgz
4769,2008-10-30 15:36:00,1.3M,lukespearcouk-20081023-twr.tgz
4770,2012-09-04 04:40:00,1.3M,lupindemid-20120818-qeq.tgz
4771,2008-03-10 12:53:00,1.0M,lyndsey-20080305-gyx.tgz
4772,2013-05-10 04:30:00,964K,m-20121020-rpz.tgz
4773,2010-02-02 16:28:00,958K,maarten-20090512-vpt.tgz
4774,2014-12-11 03:33:00,1.5M,macaroon-20141207-odb.tgz
4775,2013-04-04 04:07:00,1.6M,macxcool-20130201-sbr.tgz
4776,2014-03-21 05:05:00,1.2M,macxcool-20130730-ysn.tgz
4777,2012-05-11 04:53:00,1.0M,madmouse-20120109-zrk.tgz
4778,2014-05-27 04:41:00,1.4M,mahadev-20140526-iin.tgz
4779,2014-05-27 04:42:00,1.1M,mahadev-20140526-mts.tgz
4780,2007-07-23 03:12:00,8.2M,mahasamoot-20070718-cc.tgz
4781,2007-07-23 03:12:00,5.1M,mahasamoot-20070719-ar.tgz
4782,2007-07-23 03:12:00,5.9M,mahasamoot-20070719-rp.tgz
4783,2007-07-23 03:12:00,6.8M,mahasamoot-20070719-vf19.tgz
4784,2012-04-25 01:59:00,1.0M,mahdi-20101122-rnm.tgz
4785,2016-07-23 14:45:00,6.6M,maheshchandra-20160719-cgc.tgz
4786,2016-07-23 14:45:00, 15M,maheshchandra-20160719-com.tgz
4787,2017-02-02 13:15:00,3.9M,maheshchandra-20160719-e01.tgz
4788,2010-02-02 16:29:00,1.2M,majiq-20090809-imi.tgz
4789,2010-02-02 16:29:00,1.1M,majiq-20090811-iqx.tgz
4790,2010-02-02 16:29:00,1.1M,majiq-20090811-kme.tgz
4791,2010-02-02 16:29:00,1.0M,majiq-20090812-ktk.tgz
4792,2010-02-02 16:29:00,1.4M,majiq-20090813-opo.tgz
4793,2013-03-09 03:56:00,1.7M,makis-20120825-nly.tgz
4794,2010-05-31 22:05:00,1.0M,makozu-20100219-azs.tgz
4795,2010-05-31 22:06:00,1.0M,makozu-20100219-clv.tgz
4796,2010-05-31 22:04:00,1.0M,makozu-20100219-jap.tgz
4797,2010-05-31 22:05:00,892K,makozu-20100219-ocx.tgz
4798,2010-05-31 22:05:00,960K,makozu-20100219-psf.tgz
4799,2010-06-04 12:43:00,1.2M,makozu-20100219-trv.tgz
4800,2016-01-26 04:24:00,1.2M,mallapurbharat-20160123-aem.tgz
4801,2016-01-27 04:01:00,1.4M,mallapurbharat-20160123-cvi.tgz
4802,2016-01-26 04:24:00,1.4M,mallapurbharat-20160123-fio.tgz
4803,2016-01-26 04:24:00,1.3M,mallapurbharat-20160123-rlh.tgz
4804,2016-01-26 04:25:00,1.4M,mallapurbharat-20160123-ucw.tgz
4805,2016-01-26 04:24:00,1.8M,mallapurbharat-20160123-wtu.tgz
4806,2008-09-08 18:15:00,1.0M,marcelpost-20080814-awi.tgz
4807,2008-09-08 18:15:00,1.0M,marcelpost-20080814-xts.tgz
4808,2010-07-30 08:44:00,727K,mario21-20100719-ibq.tgz
4809,2010-02-02 16:30:00,919K,mariodsantana-20090427-puq.tgz
4810,2010-02-02 16:30:00,1.0M,mariodsantana-20090427-tpl.tgz
4811,2013-12-20 04:24:00,924K,mark-20130813-moq.tgz
4812,2013-12-20 04:24:00,920K,mark-20130813-wdz.tgz
4813,2008-12-13 07:10:00,924K,markowe-20081210-qjt.tgz
4814,2008-12-13 07:10:00,670K,markowe-20081210-riz.tgz
4815,2008-12-13 07:10:00,742K,markowe-20081210-ynp.tgz
4816,2012-05-10 14:06:00,1.3M,martin0amy-20111106-fat.tgz
4817,2012-05-10 14:06:00,1.1M,martin0amy-20111106-pwg.tgz
4818,2007-12-31 03:30:00,898K,matt-20071229-zwz.tgz
4819,2008-01-01 03:20:00,1.0M,matt-20080101-ksu.tgz
4820,2014-07-19 04:40:00,1.1M,mattisback-20140714-uhz.tgz
4821,2013-04-02 04:11:00,1.6M,matto-20130309-dad.tgz
4822,2013-04-02 04:10:00,1.6M,matto-20130309-eml.tgz
4823,2013-04-02 04:11:00,1.7M,matto-20130309-ron.tgz
4824,2013-04-02 04:11:00,1.6M,mattoharvey-20130309-jxa.tgz
4825,2013-05-14 04:16:00,954K,maxpi-20130504-jnw.tgz
4826,2012-08-02 04:27:00,1.3M,maxyan-20120801-gmd.tgz
4827,2012-08-03 04:19:00,1.0M,maxyan-20120801-xxe.tgz
4828,2009-03-18 14:06:00,1.0M,mcmurray-20090312-zxo.tgz
4829,2009-03-19 11:47:00,789K,mcmurray02-20090312-avd.tgz
4830,2009-03-19 11:47:00,1.2M,mcmurray02-20090312-dth.tgz
4831,2009-03-18 14:06:00,1.3M,mcmurray02-20090312-gdv.tgz
4832,2009-03-18 14:06:00,1.1M,mcmurray02-20090312-joh.tgz
4833,2009-03-18 14:06:00,942K,mcmurray02-20090312-jyx.tgz
4834,2009-03-18 14:06:00,1.0M,mcmurray02-20090312-lje.tgz
4835,2009-03-19 11:47:00,756K,mcmurray02-20090312-lqy.tgz
4836,2009-03-18 14:06:00,1.0M,mcmurray02-20090312-oxw.tgz
4837,2009-03-18 14:06:00,878K,mcmurray02-20090312-pza.tgz
4838,2009-03-18 14:06:00,934K,mcmurray02-20090312-rsr.tgz
4839,2009-03-18 14:06:00,966K,mcmurray02-20090312-sie.tgz
4840,2009-03-18 14:06:00,943K,mcmurray02-20090312-sox.tgz
4841,2009-03-18 14:06:00,1.1M,mcmurray02-20090312-zke.tgz
4842,2008-09-08 18:15:00,861K,mdm-20080822-dfo.tgz
4843,2008-09-08 18:15:00,1.2M,mdm-20080822-gdd.tgz
4844,2015-04-28 03:02:00,1.1M,mertyildiran-20150422-nek.tgz
4845,2015-04-28 03:01:00,1.0M,mertyildiran-20150422-pwp.tgz
4846,2015-04-28 03:01:00,1.0M,mertyildiran-20150422-yie.tgz
4847,2012-07-20 04:31:00,1.8M,meworkman-20120719-drf.tgz
4848,2007-04-30 00:16:00,3.4M,mfread-10112006-1.tgz
4849,2007-04-30 00:17:00,5.6M,mfread-10112006-2.tgz
4850,2007-04-30 00:17:00,4.1M,mfread-10112006-3.tgz
4851,2007-04-30 00:17:00,4.5M,mfread-10112006-4.tgz
4852,2007-04-30 00:17:00,4.3M,mfread-10112006-5.tgz
4853,2007-04-30 00:17:00,4.4M,mfread-10112006-6.tgz
4854,2007-04-30 00:17:00,4.6M,mfread-10112006-7.tgz
4855,2007-04-30 00:17:00,4.2M,mfread-10112006-8.tgz
4856,2007-04-30 00:17:00,4.3M,mfread-10122006-1.tgz
4857,2007-04-30 00:17:00,4.7M,mfread-10122006-2.tgz
4858,2008-01-27 03:22:00,930K,mgfletcher-20080126-fpb.tgz
4859,2013-09-15 04:27:00,1.2M,mgfrobozz-20130824-iad.tgz
4860,2013-09-15 04:27:00,1.2M,mgfrobozz-20130824-uug.tgz
4861,2013-09-15 04:27:00,1.2M,mgfrobozz-20130824-vkq.tgz
4862,2008-03-20 04:59:00,959K,mgmiller-20080319-fma.tgz
4863,2008-03-20 04:59:00,927K,mgmiller-20080319-hvm.tgz
4864,2008-03-20 04:59:00,1.1M,mgmiller-20080319-irt.tgz
4865,2008-03-20 04:59:00,1.1M,mgmiller-20080319-nea.tgz
4866,2008-03-20 04:59:00,1.0M,mgmiller-20080319-neg.tgz
4867,2008-03-20 04:59:00,934K,mgmiller-20080319-ofi.tgz
4868,2008-03-20 04:59:00,1.0M,mgmiller-20080319-ows.tgz
4869,2008-03-20 04:59:00,960K,mgmiller-20080319-srh.tgz
4870,2008-03-20 04:59:00,1.0M,mgmiller-20080319-toq.tgz
4871,2008-03-20 04:59:00,1.0M,mgmiller-20080319-vtf.tgz
4872,2008-03-20 04:59:00,1.0M,mgmiller-20080319-ygd.tgz
4873,2008-03-20 04:59:00,1.2M,mgmiller-20080319-yxe.tgz
4874,2012-05-08 10:47:00,2.2M,michelem-20110218-nts.tgz
4875,2016-01-26 04:24:00,1.4M,mik077-20151017-pzg.tgz
4876,2010-02-02 16:32:00,1.6M,mike-20091218-cbk.tgz
4877,2015-05-05 03:15:00,1.7M,mikefinn-20150306-ptw.tgz
4878,2016-04-18 03:59:00,1.4M,mikemol-20160415-iqt.tgz
4879,2012-05-10 04:29:00,1.1M,mikethecoach-20111106-brd.tgz
4880,2012-05-10 04:29:00,1.0M,mikethecoach-20111106-jdw.tgz
4881,2012-05-10 04:30:00,1.1M,mikethecoach-20111106-phk.tgz
4882,2012-05-10 04:28:00,1.1M,mikethecoach-20111106-vqm.tgz
4883,2012-05-10 04:28:00,1.1M,mikethecoach-20111106-xbo.tgz
4884,2012-05-10 04:27:00,1.0M,mikethecoach-20111106-xez.tgz
4885,2012-05-10 04:33:00,1.1M,mikethecoach-20111106-xpw.tgz
4886,2012-05-10 04:29:00,939K,mikethecoach-20111106-xvg.tgz
4887,2012-05-10 04:29:00,1.1M,mikethecoach-20111106-zrj.tgz
4888,2012-05-11 14:45:00,1.6M,mirko-20120128-ssf.tgz
4889,2012-05-11 04:51:00,1.1M,miro-20111227-vaa.tgz
4890,2013-04-05 04:22:00,1.0M,mitch-20130404-nxw.tgz
4891,2013-03-28 04:07:00,1.1M,mjbulldog60-20120923-jeu.tgz
4892,2013-03-30 04:07:00,879K,mjbulldog60-20120923-rga.tgz
4893,2013-03-28 04:07:00,1.1M,mjbulldog60-20121005-kbs.tgz
4894,2008-05-27 06:18:00,1.6M,mjmm-20080526-hca.tgz
4895,2012-06-07 13:00:00,1.3M,mk-20120531-ctv.tgz
4896,2012-06-07 13:06:00,1.3M,mk-20120531-slb.tgz
4897,2008-11-13 08:00:00,952K,mm-20081105-zme.tgz
4898,2013-05-14 04:16:00,1.6M,mmankarious-20121129-ajr.tgz
4899,2008-02-05 05:12:00,1.8M,mojomove411-20071007-poe.tgz
4900,2008-01-24 03:44:00,4.8M,mojomove411-20071007.tgz
4901,2008-01-24 03:44:00,3.9M,mojomove411-20071014.tgz
4902,2008-02-05 05:12:00,3.0M,mojomove411-20071015-peo.tgz
4903,2008-01-16 03:26:00,4.7M,mojomove411-20071024.tgz
4904,2008-02-05 05:12:00,2.2M,mojomove411-20071102-poe.tgz
4905,2010-02-02 16:33:00,3.5M,mojomove411-20071103a.tgz
4906,2010-02-02 16:33:00,3.3M,mojomove411-20071103b.tgz
4907,2008-02-05 05:12:00,2.1M,mojomove411-20071105-poe.tgz
4908,2008-02-13 03:59:00, 22M,mojomove411-20071111-coe.tgz
4909,2010-02-02 16:33:00,5.8M,mojomove411-20071206.tgz
4910,2008-02-05 05:13:00,3.5M,mojomove411-20071207-poe.tgz
4911,2013-03-31 14:49:00,1.1M,monapdx-20130329-vsa.tgz
4912,2010-02-02 16:33:00,1.2M,montana-20091129-dme.tgz
4913,2010-02-02 16:33:00,1.1M,montana-20091129-gpa.tgz
4914,2010-02-02 16:33:00,1.3M,montana-20091129-usu.tgz
4915,2012-05-11 04:50:00,1.4M,morneau-20120104-wgm.tgz
4916,2012-05-09 16:12:00,1.2M,mossiemj-20110814-pjk.tgz
4917,2009-03-18 14:06:00,1.1M,mouhamedyousef-20090303-eqo.tgz
4918,2010-09-19 11:16:00,1.1M,mramige-20100820-bij.tgz
4919,2010-09-21 08:15:00,1.2M,mramige-20100820-dfw.tgz
4920,2010-09-21 08:15:00,1.0M,mramige-20100820-hxj.tgz
4921,2010-09-21 08:15:00,1.1M,mramige-20100820-kok.tgz
4922,2010-09-21 08:17:00,1.2M,mramige-20100820-nlo.tgz
4923,2010-09-19 11:18:00,1.1M,mramige-20100820-qnp.tgz
4924,2010-09-21 08:17:00,1.1M,mramige-20100820-thj.tgz
4925,2010-09-19 11:18:00,1.1M,mramige-20100820-tvp.tgz
4926,2010-09-21 08:14:00,1.2M,mramige-20100820-zpz.tgz
4927,2013-09-14 04:20:00,1.1M,mrteye-20130906-adv.tgz
4928,2013-09-14 04:20:00,970K,mrteye-20130906-emo.tgz
4929,2013-09-14 04:20:00,1.4M,mrteye-20130906-haa.tgz
4930,2013-09-14 04:20:00,1.0M,mrteye-20130906-wdn.tgz
4931,2013-09-14 04:20:00,1.0M,mrteye-20130906-xko.tgz
4932,2013-03-28 04:07:00,972K,mrurioste-20120927-akr.tgz
4933,2013-03-28 04:08:00,1.0M,mrurioste-20120927-fty.tgz
4934,2012-05-11 14:42:00,1.6M,mudbric-20120202-pwn.tgz
4935,2008-01-24 03:44:00,5.5M,mwalma-20080112.tgz
4936,2009-02-10 14:12:00,1.3M,n2k-20090202-udz.tgz
4937,2010-02-17 20:51:00,1.8M,nacho-20100214-qeq.tgz
4938,2013-05-25 04:17:00,1.4M,nagalman-20130523-upb.tgz
4939,2008-11-12 07:32:00,1.0M,nalbion-20081027-fxc.tgz
4940,2008-11-12 07:32:00,764K,nalbion-20081027-tkn.tgz
4941,2008-11-12 07:32:00,1.0M,nalbion-20081027-xft.tgz
4942,2008-11-12 07:32:00,1.1M,nalbion-20081027-yqy.tgz
4943,2013-03-09 15:09:00,1.0M,naveenbeast-20120824-riw.tgz
4944,2014-09-14 04:21:00,1.4M,nclm-20140911-frc.tgz
4945,2014-09-14 04:21:00,1.3M,nclm-20140911-hfg.tgz
4946,2014-09-14 04:21:00,1.2M,nclm-20140911-kuo.tgz
4947,2014-09-14 04:21:00,1.3M,nclm-20140911-zgd.tgz
4948,2013-06-11 04:08:00,1.5M,ndkoskey-20130605-dlh.tgz
4949,2012-05-10 14:07:00,1.5M,neatsun-20111009-bzx.tgz
4950,2008-03-10 12:53:00,1.3M,necrose99-20080308-khs.tgz
4951,2008-03-10 12:53:00,1.3M,necrose99-20080308-wvg.tgz
4952,2014-02-15 04:47:00,1.4M,neko_nemo-20131221-buj.tgz
4953,2014-02-11 04:48:00,1.5M,neko_nemo-20131221-gaj.tgz
4954,2014-02-15 04:47:00,1.4M,neko_nemo-20131221-gdr.tgz
4955,2014-02-15 04:48:00,2.0M,neko_nemo-20131221-xdd.tgz
4956,2008-09-30 06:27:00,1.1M,neonard0-20080926-hfa.tgz
4957,2008-03-02 03:51:00,1.2M,nestea247-20080301-rkx.tgz
4958,2008-03-02 03:51:00,1.4M,nestea247-20080301-sbn.tgz
4959,2008-03-02 03:51:00,1.4M,nestea247-20080301-zmy.tgz
4960,2008-12-09 06:00:00,1.1M,netjunki-20081204-orf.tgz
4961,2008-07-08 07:50:00,1.0M,neuralnet-20080702-dfq.tgz
4962,2008-07-08 07:50:00,1.1M,neuralnet-20080702-fgc.tgz
4963,2008-07-08 07:50:00,1.1M,neuralnet-20080702-jjw.tgz
4964,2008-07-08 07:50:00,1.3M,neuralnet-20080702-jvy.tgz
4965,2008-07-08 07:50:00,1.2M,neuralnet-20080702-rmy.tgz
4966,2008-07-08 07:50:00,1.2M,neuralnet-20080702-uil.tgz
4967,2008-07-08 07:50:00,898K,neuralnet-20080702-wuu.tgz
4968,2008-07-08 07:50:00,1.4M,neuralnet-20080702-wxj.tgz
4969,2008-07-08 07:50:00,1.1M,neuralnet-20080702-xkk.tgz
4970,2008-07-08 07:50:00,1.3M,neuralnet-20080702-xwd.tgz
4971,2008-07-08 07:50:00,1.2M,neuralnet-20080702-yfh.tgz
4972,2010-02-02 16:35:00,1.4M,neuralnet-20090503-tua.tgz
4973,2010-02-02 16:35:00,1.3M,neuralnet-20090503-xkf.tgz
4974,2010-02-02 16:35:00,1.3M,neuralnet-20090605-nbc.tgz
4975,2010-02-02 16:35:00,1.1M,neuralnet-20090811-cwg.tgz
4976,2013-04-10 04:27:00,925K,nfst-20121231-gfu.tgz
4977,2013-04-10 04:29:00,938K,nfst-20121231-kef.tgz
4978,2013-04-10 04:29:00,1.0M,nfst-20121231-pru.tgz
4979,2010-02-02 16:35:00,1.2M,nholling-20091015-cbt.tgz
4980,2012-05-08 10:51:00,1.6M,nice-20110212-lez.tgz
4981,2012-05-08 10:48:00,1.3M,nicksaw62-20110116-bbo.tgz
4982,2010-05-31 22:06:00,1.2M,nico-20100418-bvy.tgz
4983,2010-06-04 12:44:00,1.4M,nico-20100418-gwx.tgz
4984,2012-05-10 04:32:00,1.4M,nico-20110922-rso.tgz
4985,2012-05-11 14:42:00,1.5M,nidhinjoseph-20120222-hct.tgz
4986,2012-04-25 02:00:00,1.2M,niimarra-20101103-bgi.tgz
4987,2012-04-25 02:00:00,1.0M,niimarra-20101103-lzw.tgz
4988,2012-05-09 16:12:00,1.1M,nikita-20110718-nww.tgz
4989,2009-02-26 12:04:00,1.0M,nilesuk-20090217-tet.tgz
4990,2007-12-17 03:17:00,1.8M,ninghuajiang-20071216-pku.tgz
4991,2008-05-12 04:18:00,1.2M,nizar-20080511-xyk.tgz
4992,2010-02-02 16:35:00,1.0M,no_name-20091107-ail.tgz
4993,2008-11-14 07:52:00,3.2M,nollidj-20081101-ar.tgz
4994,2008-11-14 07:52:00,5.0M,nollidj-20081101-cc.tgz
4995,2008-11-14 07:52:00,3.6M,nollidj-20081101-rp.tgz
4996,2008-11-14 07:52:00,4.7M,nollidj-20081101-vf1.tgz
4997,2008-03-28 20:26:00,813K,noman-20080322-vtn.tgz
4998,2008-04-14 04:37:00,720K,noman-20080413-tch.tgz
4999,2016-05-01 13:04:00,1.8M,norganna-20160430-bss.tgz
5000,2016-05-01 13:05:00,1.7M,norganna-20160430-tvv.tgz
5001,2010-02-02 16:36:00,1.2M,norzarfan-20091004-ldt.tgz
5002,2012-06-18 18:08:00,1.8M,nseraji-20120612-tsy.tgz
5003,2008-09-03 08:35:00,1.0M,observing-20080807-gld.tgz
5004,2008-09-03 08:35:00,796K,observing-20080807-hum.tgz
5005,2008-09-03 08:35:00,1.0M,observing-20080807-kuj.tgz
5006,2008-09-03 08:35:00,933K,observing-20080807-nfs.tgz
5007,2008-09-03 08:35:00,853K,observing-20080807-nwy.tgz
5008,2008-09-03 08:35:00,949K,observing-20080807-vqd.tgz
5009,2010-02-02 16:36:00,4.4M,occimanete-092909.tgz
5010,2008-02-26 03:58:00,1.1M,oeginc-20080224-oao.tgz
5011,2008-02-26 03:58:00,1.2M,oeginc-20080224-qzk.tgz
5012,2008-02-29 18:02:00,1.3M,oeginc-20080228-ezk.tgz
5013,2008-02-29 18:02:00,1.1M,oeginc-20080228-zco.tgz
5014,2008-03-04 03:56:00,1.2M,ojfl-20080303-kyt.tgz
5015,2008-03-04 03:56:00,1.4M,ojfl-20080303-qrb.tgz
5016,2008-03-04 03:56:00,1.4M,ojfl-20080303-ziv.tgz
5017,2012-06-14 04:24:00,2.2M,ola-20101130-rqa.tgz
5018,2014-03-26 04:33:00,1.0M,oliinman-20140323-xdo.tgz
5019,2012-04-27 15:44:00,1.1M,opu-20101006-krc.tgz
5020,2007-07-07 14:21:00,6.3M,orca-20070706.tgz
5021,2010-07-10 00:44:00,1.6M,osaple-20100701-iqt.tgz
5022,2010-07-10 00:45:00,1.6M,osaple-20100701-ywe.tgz
5023,2012-05-04 14:57:00,1.5M,oskar-20101101-tol.tgz
5024,2014-02-26 04:40:00,1.3M,osman-20131010-lwh.tgz
5025,2016-01-26 04:24:00,2.3M,oswicer-20151108-rrj.tgz
5026,2012-04-25 02:01:00,1.4M,otuyelu-20101107-crp.tgz
5027,2012-04-25 02:02:00,1.3M,otuyelu-20101107-sin.tgz
5028,2012-04-25 01:58:00,1.5M,otuyelu-20101107-yap.tgz
5029,2010-09-19 11:14:00,1.5M,owennatekha-20100823-cdd.tgz
5030,2010-09-19 11:16:00,1.4M,owennatekha-20100824-oml.tgz
5031,2010-09-19 11:15:00,1.3M,owennatekha-20100824-prf.tgz
5032,2010-09-19 11:16:00,1.4M,owennatekha-20100824-reh.tgz
5033,2012-05-07 15:09:00,1.6M,owlbrudder-20110128-hol.tgz
5034,2012-06-14 04:22:00,1.2M,owlbrudder-20110128-jcw.tgz
5035,2014-03-21 05:04:00,1.2M,oznerol022-20140317-cpg.tgz
5036,2014-03-19 12:47:00,930K,oznerol022-20140317-fws.tgz
5037,2014-03-21 05:05:00,1.1M,oznerol022-20140317-haz.tgz
5038,2014-03-21 05:04:00,1.2M,oznerol022-20140317-lay.tgz
5039,2015-03-12 03:20:00,1.7M,pablodiablo-20150227-rvc.tgz
5040,2012-07-07 04:27:00,1.3M,pachomius-20120704-prq.tgz
5041,2012-07-07 04:24:00,1.4M,pachomius-20120704-vsd.tgz
5042,2012-07-07 04:27:00,1.4M,pachomius-20120704-wcu.tgz
5043,2008-09-13 07:22:00,926K,paddy-20080911-abh.tgz
5044,2008-09-13 07:22:00,882K,paddy-20080911-bop.tgz
5045,2008-09-13 07:22:00,886K,paddy-20080911-bua.tgz
5046,2008-09-13 07:22:00,1.0M,paddy-20080911-crt.tgz
5047,2008-09-13 07:22:00,1.0M,paddy-20080911-eeo.tgz
5048,2008-09-13 07:22:00,1.0M,paddy-20080911-fdo.tgz
5049,2008-09-13 07:22:00,918K,paddy-20080911-hun.tgz
5050,2008-09-13 07:22:00,1.0M,paddy-20080911-jbe.tgz
5051,2008-09-13 07:22:00,1.0M,paddy-20080911-jtv.tgz
5052,2008-09-13 07:22:00,1.1M,paddy-20080911-jyl.tgz
5053,2008-09-13 07:22:00,972K,paddy-20080911-kaf.tgz
5054,2008-09-13 07:22:00,840K,paddy-20080911-qzs.tgz
5055,2008-09-13 07:22:00,966K,paddy-20080911-txn.tgz
5056,2008-09-13 07:22:00,927K,paddy-20080911-tyg.tgz
5057,2008-09-13 07:22:00,958K,paddy-20080911-uwe.tgz
5058,2008-09-13 07:22:00,924K,paddy-20080911-wby.tgz
5059,2008-09-13 07:22:00,938K,paddy-20080911-xep.tgz
5060,2008-09-13 07:22:00,957K,paddy-20080911-xuz.tgz
5061,2008-09-13 07:22:00,861K,paddy-20080911-ynd.tgz
5062,2010-02-02 16:38:00,1.1M,pallab-20090503-rge.tgz
5063,2010-02-02 16:38:00,922K,panrubius-20090904-xie.tgz
5064,2012-05-08 10:47:00,1.5M,paolo_losi-20110112-oqu.tgz
5065,2010-02-02 16:38:00, 13M,parent5446-20090726.tgz
5066,2014-02-26 04:39:00,1.8M,pascal-20131010-fgy.tgz
5067,2012-04-25 02:00:00,1.0M,patchesthecaveman-20101112-ooz.tgz
5068,2012-04-25 01:59:00,1.0M,patchesthecaveman-20101112-rux.tgz
5069,2008-02-26 03:58:00,1.0M,patmo-20080225-qpb.tgz
5070,2008-02-17 03:52:00,855K,patrick-20080216-uvv.tgz
5071,2010-02-02 16:38:00,855K,patricktw-20090918-mmt.tgz
5072,2013-05-20 04:10:00,1.1M,patsarver-20130517-yqq.tgz
5073,2015-03-12 03:19:00,1.3M,patyork-20150307-ftq.tgz
5074,2015-03-12 03:19:00,1.3M,patyork-20150307-ijm.tgz
5075,2015-03-12 03:19:00,1.2M,patyork-20150307-uoy.tgz
5076,2015-06-01 09:58:00,1.0M,patyork-20150307-wmt.tgz
5077,2012-06-20 04:06:00,1.8M,pauldm16-20120618-lam.tgz
5078,2008-12-04 10:27:00,728K,paulkoan-20081119-zwp.tgz
5079,2009-02-10 14:12:00,928K,pcourtney-20090202-qnh.tgz
5080,2015-02-12 03:05:00,1.2M,pcsnpny-20150204-act.tgz
5081,2015-02-12 03:05:00,1.1M,pcsnpny-20150204-acw.tgz
5082,2015-02-12 03:05:00,1.1M,pcsnpny-20150204-bif.tgz
5083,2015-02-12 03:05:00,1.2M,pcsnpny-20150204-bvi.tgz
5084,2015-02-12 03:05:00,1.1M,pcsnpny-20150204-clt.tgz
5085,2015-02-12 03:05:00,1.2M,pcsnpny-20150204-dxd.tgz
5086,2015-02-12 03:05:00,1.0M,pcsnpny-20150204-ear.tgz
5087,2015-02-12 03:05:00,1.1M,pcsnpny-20150204-eml.tgz
5088,2015-02-12 03:05:00,1.2M,pcsnpny-20150204-iau.tgz
5089,2015-02-12 03:05:00,1.4M,pcsnpny-20150204-iev.tgz
5090,2015-02-12 03:05:00,1.1M,pcsnpny-20150204-kcu.tgz
5091,2015-02-12 03:05:00,1.1M,pcsnpny-20150204-lip.tgz
5092,2015-02-12 03:05:00,1.1M,pcsnpny-20150204-mkj.tgz
5093,2015-02-12 03:06:00,1.1M,pcsnpny-20150204-ntd.tgz
5094,2015-02-12 03:05:00,1.2M,pcsnpny-20150204-ofo.tgz
5095,2015-02-12 03:05:00,1.1M,pcsnpny-20150204-oim.tgz
5096,2015-02-12 03:05:00,1.1M,pcsnpny-20150204-qat.tgz
5097,2015-02-12 03:05:00,1.2M,pcsnpny-20150204-rlf.tgz
5098,2015-02-12 03:05:00,1.3M,pcsnpny-20150205-bzk.tgz
5099,2015-02-12 03:05:00,1.0M,pcsnpny-20150205-cmx.tgz
5100,2015-02-12 03:05:00,1.1M,pcsnpny-20150205-djt.tgz
5101,2015-02-12 03:05:00,1.1M,pcsnpny-20150205-dvw.tgz
5102,2015-02-12 03:05:00,1.4M,pcsnpny-20150205-eoy.tgz
5103,2015-02-12 03:05:00,1.2M,pcsnpny-20150205-iac.tgz
5104,2015-02-12 03:05:00,1.1M,pcsnpny-20150205-ijo.tgz
5105,2015-02-12 03:05:00,1.1M,pcsnpny-20150205-kke.tgz
5106,2015-02-12 03:05:00,1.1M,pcsnpny-20150205-qww.tgz
5107,2015-02-12 03:05:00,1.3M,pcsnpny-20150205-udt.tgz
5108,2015-02-12 03:05:00,1.0M,pcsnpny-20150205-vhp.tgz
5109,2015-02-12 03:05:00,1.1M,pcsnpny-20150205-vtp.tgz
5110,2015-02-12 03:05:00,1.0M,pcsnpny-20150205-xfb.tgz
5111,2015-02-12 03:05:00,1.2M,pcsnpny-20150205-xji.tgz
5112,2015-05-05 03:16:00,1.1M,pcsnpny-20150205-xyo.tgz
5113,2015-02-12 03:05:00,1.2M,pcsnpny-20150206-bjh.tgz
5114,2015-02-12 03:05:00,1.0M,pcsnpny-20150206-dti.tgz
5115,2015-02-12 03:05:00,1.2M,pcsnpny-20150206-ehr.tgz
5116,2015-02-12 03:05:00,1.1M,pcsnpny-20150206-emn.tgz
5117,2015-02-12 03:05:00,1.4M,pcsnpny-20150206-kqg.tgz
5118,2015-02-12 03:05:00,1.1M,pcsnpny-20150206-xpy.tgz
5119,2015-02-12 03:05:00,1.1M,pcsnpny-20150206-yys.tgz
5120,2015-02-22 03:04:00,1.0M,pcsnpny-20150221-hax.tgz
5121,2015-02-22 03:04:00,1.0M,pcsnpny-20150221-jtu.tgz
5122,2015-02-22 03:03:00,1.2M,pcsnpny-20150221-qyh.tgz
5123,2015-02-22 03:04:00,1.2M,pcsnpny-20150221-roa.tgz
5124,2015-02-22 03:04:00,1.2M,pcsnpny-20150221-tig.tgz
5125,2015-02-22 03:03:00,1.1M,pcsnpny-20150221-xac.tgz
5126,2015-02-22 03:04:00,1.1M,pcsnpny-20150221-zug.tgz
5127,2015-03-12 03:19:00,1.1M,pcsnpny-20150301-pis.tgz
5128,2015-03-12 03:20:00,1.0M,pcsnpny-20150303-bog.tgz
5129,2015-03-12 03:19:00,1.3M,pcsnpny-20150303-dov.tgz
5130,2015-03-12 03:19:00,1.1M,pcsnpny-20150303-dzk.tgz
5131,2015-03-12 03:19:00,912K,pcsnpny-20150303-ema.tgz
5132,2015-03-12 03:19:00,1.0M,pcsnpny-20150303-exg.tgz
5133,2015-03-12 03:19:00,1.0M,pcsnpny-20150303-gay.tgz
5134,2015-03-12 03:20:00,1.1M,pcsnpny-20150303-iwd.tgz
5135,2015-03-12 03:20:00,1.1M,pcsnpny-20150303-kok.tgz
5136,2015-03-12 03:19:00,1.1M,pcsnpny-20150303-lih.tgz
5137,2015-03-12 03:19:00,1.1M,pcsnpny-20150303-muu.tgz
5138,2015-03-12 03:20:00,1.1M,pcsnpny-20150303-nos.tgz
5139,2015-03-12 03:19:00,1.0M,pcsnpny-20150303-otu.tgz
5140,2015-03-12 03:18:00,1.0M,pcsnpny-20150303-pgl.tgz
5141,2015-03-12 03:19:00,1.1M,pcsnpny-20150303-scx.tgz
5142,2015-03-12 03:19:00,1.0M,pcsnpny-20150303-str.tgz
5143,2015-03-12 03:20:00,1.1M,pcsnpny-20150303-ucm.tgz
5144,2015-03-12 03:19:00,1.1M,pcsnpny-20150303-ufm.tgz
5145,2015-03-12 03:20:00,1.2M,pcsnpny-20150303-ukl.tgz
5146,2015-03-12 03:20:00,1.0M,pcsnpny-20150303-vbm.tgz
5147,2015-03-12 03:20:00,1.0M,pcsnpny-20150303-wuk.tgz
5148,2015-03-12 03:20:00,1.0M,pcsnpny-20150303-xhv.tgz
5149,2015-03-12 03:19:00,1.1M,pcsnpny-20150303-xqu.tgz
5150,2015-03-12 03:19:00,950K,pcsnpny-20150303-yng.tgz
5151,2015-03-12 03:20:00,1.2M,pcsnpny-20150303-yyh.tgz
5152,2015-03-12 03:20:00,1.1M,pcsnpny-20150303-zpw.tgz
5153,2015-03-12 03:20:00,1.1M,pcsnpny-20150303-zty.tgz
5154,2015-03-12 03:19:00,939K,pcsnpny-20150304-aog.tgz
5155,2015-03-12 03:19:00,1.0M,pcsnpny-20150304-cdl.tgz
5156,2015-03-12 03:19:00,1.0M,pcsnpny-20150304-frc.tgz
5157,2015-03-12 03:20:00,1.0M,pcsnpny-20150304-ubd.tgz
5158,2015-03-12 03:20:00,1.2M,pcsnpny-20150306-bph.tgz
5159,2015-03-12 03:19:00,1.1M,pcsnpny-20150306-qco.tgz
5160,2015-03-12 03:20:00,1.0M,pcsnpny-20150306-tuq.tgz
5161,2015-03-12 03:19:00,1.0M,pcsnpny-20150307-doe.tgz
5162,2015-03-12 03:20:00,1.2M,pcsnpny-20150307-oir.tgz
5163,2015-03-12 03:19:00,1.3M,pcsnpny-20150307-tbm.tgz
5164,2015-03-19 03:02:00,1.0M,pcsnpny-20150313-lxk.tgz
5165,2015-03-19 03:02:00,1.0M,pcsnpny-20150313-rdp.tgz
5166,2015-03-19 03:03:00,955K,pcsnpny-20150313-tbf.tgz
5167,2015-03-19 03:02:00,1.2M,pcsnpny-20150314-bjf.tgz
5168,2015-03-19 03:03:00,1.0M,pcsnpny-20150314-dbt.tgz
5169,2015-05-05 03:15:00,1.0M,pcsnpny-20150314-eiv.tgz
5170,2015-03-19 03:03:00,1.0M,pcsnpny-20150314-jta.tgz
5171,2015-03-19 03:02:00,1.0M,pcsnpny-20150314-odi.tgz
5172,2015-05-05 03:17:00,1.1M,pcsnpny-20150314-oqa.tgz
5173,2015-03-19 03:03:00,1.1M,pcsnpny-20150314-otp.tgz
5174,2015-03-19 03:02:00,1.1M,pcsnpny-20150314-qwy.tgz
5175,2015-03-19 03:02:00,1.0M,pcsnpny-20150314-tyn.tgz
5176,2015-03-19 03:03:00,969K,pcsnpny-20150317-are.tgz
5177,2015-03-19 03:03:00,1.1M,pcsnpny-20150317-dpx.tgz
5178,2015-05-05 03:16:00,916K,pcsnpny-20150317-hnn.tgz
5179,2015-03-19 03:03:00,1.2M,pcsnpny-20150317-htb.tgz
5180,2015-03-19 03:02:00,939K,pcsnpny-20150317-jok.tgz
5181,2015-03-19 03:03:00,1.2M,pcsnpny-20150317-luz.tgz
5182,2015-03-19 03:03:00,1.0M,pcsnpny-20150317-pah.tgz
5183,2015-03-19 03:02:00,1.0M,pcsnpny-20150317-qiz.tgz
5184,2015-03-19 03:02:00,1.0M,pcsnpny-20150317-sqn.tgz
5185,2015-03-19 03:03:00,1.0M,pcsnpny-20150317-ver.tgz
5186,2015-03-24 03:01:00,1.0M,pcsnpny-20150321-aqn.tgz
5187,2015-03-24 03:01:00,957K,pcsnpny-20150321-arx.tgz
5188,2015-03-24 03:01:00,1.0M,pcsnpny-20150321-dik.tgz
5189,2015-03-24 03:01:00,1.5M,pcsnpny-20150321-erl.tgz
5190,2015-03-24 03:01:00,1.0M,pcsnpny-20150321-hqs.tgz
5191,2015-03-24 03:01:00,960K,pcsnpny-20150321-hwk.tgz
5192,2015-03-24 03:01:00,1.1M,pcsnpny-20150321-isg.tgz
5193,2015-03-24 03:01:00,1.1M,pcsnpny-20150321-jvh.tgz
5194,2015-03-24 03:01:00,958K,pcsnpny-20150321-kjm.tgz
5195,2015-03-24 03:01:00,1.0M,pcsnpny-20150321-mfk.tgz
5196,2015-03-24 03:01:00,1.0M,pcsnpny-20150321-miu.tgz
5197,2015-03-24 03:01:00,1.0M,pcsnpny-20150321-npv.tgz
5198,2015-04-26 03:04:00,1.1M,pcsnpny-20150321-nvf.tgz
5199,2015-04-26 03:05:00,1.0M,pcsnpny-20150321-ohe.tgz
5200,2015-04-26 03:04:00,1.0M,pcsnpny-20150321-ort.tgz
5201,2015-03-24 03:01:00,933K,pcsnpny-20150321-ouu.tgz
5202,2015-03-24 03:01:00,1.0M,pcsnpny-20150321-owt.tgz
5203,2015-04-26 03:04:00,1.2M,pcsnpny-20150321-pkx.tgz
5204,2015-03-24 03:01:00,896K,pcsnpny-20150321-svv.tgz
5205,2015-03-24 03:01:00,1.0M,pcsnpny-20150321-tch.tgz
5206,2015-04-26 03:05:00,1.0M,pcsnpny-20150321-tik.tgz
5207,2015-03-24 03:01:00,966K,pcsnpny-20150321-ucd.tgz
5208,2015-03-24 03:01:00,1.0M,pcsnpny-20150321-uif.tgz
5209,2015-03-24 03:01:00,1.1M,pcsnpny-20150321-uri.tgz
5210,2015-03-24 03:01:00,1.0M,pcsnpny-20150321-vkj.tgz
5211,2015-04-26 03:04:00,1.2M,pcsnpny-20150321-whn.tgz
5212,2015-03-24 03:01:00,1.0M,pcsnpny-20150321-won.tgz
5213,2015-03-24 03:01:00,1.1M,pcsnpny-20150321-wtx.tgz
5214,2015-03-24 03:01:00,1.0M,pcsnpny-20150321-xed.tgz
5215,2015-03-24 03:01:00,1.0M,pcsnpny-20150321-ybg.tgz
5216,2015-03-24 03:01:00,1.1M,pcsnpny-20150321-zyw.tgz
5217,2015-03-24 03:01:00,1.0M,pcsnpny-20150322-box.tgz
5218,2015-04-26 03:04:00,1.0M,pcsnpny-20150322-zze.tgz
5219,2015-03-28 02:56:00,1.1M,pcsnpny-20150326-jau.tgz
5220,2015-03-28 02:55:00,808K,pcsnpny-20150326-mtu.tgz
5221,2015-03-28 02:55:00,870K,pcsnpny-20150326-qfo.tgz
5222,2015-03-28 02:55:00,1.0M,pcsnpny-20150326-szb.tgz
5223,2015-04-26 03:04:00,926K,pcsnpny-20150326-wmz.tgz
5224,2015-05-05 03:17:00,1.1M,pcsnpny-20150504-qfm.tgz
5225,2015-05-05 03:16:00,1.2M,pcsnpny-20150504-vbj.tgz
5226,2015-05-09 02:55:00,1.1M,pcsnpny-20150508-biu.tgz
5227,2015-05-09 02:55:00,1.0M,pcsnpny-20150508-pvl.tgz
5228,2015-05-09 02:55:00,1.1M,pcsnpny-20150508-tdq.tgz
5229,2015-05-09 02:55:00,1.4M,pcsnpny-20150508-zqx.tgz
5230,2015-06-21 03:00:00,1.1M,pcsnpny-20150616-geu.tgz
5231,2015-07-11 02:59:00,1.2M,pcsnpny-20150708-kje.tgz
5232,2015-07-27 02:58:00,1.0M,pcsnpny-20150725-hur.tgz
5233,2015-09-05 03:06:00,1.1M,pcsnpny-20150805-gom.tgz
5234,2015-09-05 03:05:00,956K,pcsnpny-20150805-klf.tgz
5235,2015-09-05 03:05:00,1.1M,pcsnpny-20150816-aja.tgz
5236,2015-09-05 03:05:00,1.2M,pcsnpny-20150816-ist.tgz
5237,2015-09-05 03:05:00,1.1M,pcsnpny-20150820-iwe.tgz
5238,2015-11-09 03:55:00,1.1M,pcsnpny-20151102-exv.tgz
5239,2015-12-04 04:05:00,1.1M,pcsnpny-20151124-bhs.tgz
5240,2016-01-26 04:24:00,1.0M,pcsnpny-20151124-tcw.tgz
5241,2016-01-26 04:24:00,1.4M,pcsnpny-20151224-hht.tgz
5242,2016-01-29 04:02:00,1.3M,pcsnpny-20160126-ukq.tgz
5243,2016-02-16 03:55:00,1.9M,pcsnpny-20160207-cau.tgz
5244,2016-02-16 03:55:00,1.9M,pcsnpny-20160207-xnj.tgz
5245,2010-07-10 00:45:00,2.1M,pdmguru-20100620-vyp.tgz
5246,2008-12-30 07:37:00,1.4M,peope-20081228-axp.tgz
5247,2008-12-30 07:37:00,1.2M,peope-20081228-eym.tgz
5248,2008-12-30 07:37:00,1.1M,peope-20081228-fnh.tgz
5249,2012-05-11 04:51:00,1.5M,pepe-20120315-zyw.tgz
5250,2014-02-07 04:57:00,1.5M,perro-20140201-vmz.tgz
5251,2014-02-07 04:57:00,787K,peterp-20130908-ilj.tgz
5252,2014-02-07 04:58:00,1.1M,peterp-20130908-tfb.tgz
5253,2014-02-07 04:58:00,841K,peterp-20130908-tuz.tgz
5254,2014-02-07 04:57:00,814K,peterp-20130908-vbl.tgz
5255,2008-06-04 08:42:00, 38M,peterwhy-20080503-win.tgz
5256,2013-04-03 04:19:00,1.0M,petewoods-20130201-agt.tgz
5257,2012-05-08 13:09:00,1.3M,petjal-20110303-cxb.tgz
5258,2014-02-26 04:39:00,1.3M,petrpulc-20140215-lrv.tgz
5259,2014-02-26 04:39:00,1.4M,petrpulc-20140215-mdf.tgz
5260,2008-05-27 06:18:00,2.2M,pfmm-20080526-oza.tgz
5261,2008-02-16 03:46:00,1.1M,phil-20080215-sog.tgz
5262,2008-02-16 03:46:00,1.0M,phil-20080215-vej.tgz
5263,2010-06-05 08:09:00,1.4M,photon66-20100528-yqk.tgz
5264,2010-02-02 16:39:00,924K,phowardcom-20090824-blg.tgz
5265,2010-02-02 16:39:00,1.3M,phr0663r-20090922-jqj.tgz
5266,2012-05-09 20:54:00,1.2M,pierrep-20110607-cos.tgz
5267,2010-02-02 16:39:00,1.0M,pkkikibig-20100105-xib.tgz
5268,2010-07-20 09:50:00,1.2M,pleabargain-20100709-cmv.tgz
5269,2010-07-20 09:45:00,1.1M,pleabargain-20100709-tvj.tgz
5270,2007-04-30 00:17:00,5.4M,pmahoney-10102006.tgz
5271,2007-04-30 00:17:00,3.9M,pmahoney-10122006.tgz
5272,2010-02-02 16:40:00,1.1M,pmg-20090902-gqi.tgz
5273,2010-02-02 16:40:00,873K,pmg-20090902-ogw.tgz
5274,2010-02-02 16:40:00,822K,pmg-20090902-sgg.tgz
5275,2010-02-02 16:40:00,1.0M,polerizer-20091226-cxd.tgz
5276,2010-02-02 16:40:00,1.2M,polerizer-20091226-der.tgz
5277,2010-02-02 16:40:00,1.1M,polerizer-20091226-flf.tgz
5278,2010-02-02 16:40:00,1.0M,polerizer-20091226-iie.tgz
5279,2010-02-02 16:40:00,1.1M,polerizer-20091226-noj.tgz
5280,2010-02-02 16:41:00,1.0M,polerizer-20091226-nws.tgz
5281,2010-02-02 16:41:00,1.2M,polerizer-20091226-ooi.tgz
5282,2010-02-02 16:41:00,848K,polerizer-20091226-rel.tgz
5283,2010-02-02 16:41:00,1.1M,polerizer-20091226-vdf.tgz
5284,2010-02-02 16:41:00,456K,polerizer-20091226-wre.tgz
5285,2010-02-02 16:41:00,816K,polerizer-20091231-nfw.tgz
5286,2010-02-02 16:41:00,788K,polerizer-20091231-oon.tgz
5287,2010-02-02 16:41:00,794K,polerizer-20091231-upo.tgz
5288,2010-02-16 22:44:00,1.4M,polyscient-20100201-yhf.tgz
5289,2012-05-10 04:29:00,724K,poorsquinky-20111018-mmw.tgz
5290,2012-05-10 04:33:00,745K,poorsquinky-20111018-xyg.tgz
5291,2012-05-11 04:50:00,911K,poots-20120107-gqg.tgz
5292,2007-11-06 03:10:00,864K,poumtatalia-20071105-kol.tgz
5293,2013-07-03 04:12:00,1.7M,pritam-20130627-evn.tgz
5294,2013-07-03 04:12:00,1.5M,pritam-20130627-ntr.tgz
5295,2013-07-03 04:12:00,1.5M,pritam-20130627-req.tgz
5296,2008-06-27 06:47:00,1.3M,proffles-20080627-nzp.tgz
5297,2008-06-27 06:47:00,1.0M,proffles-20080627-pgw.tgz
5298,2008-06-27 06:47:00,865K,proffles-20080627-upk.tgz
5299,2008-06-27 06:47:00,851K,proffles-20080627-vjc.tgz
5300,2012-05-09 20:55:00,1.1M,prometheus-20110725-pkz.tgz
5301,2010-02-18 15:42:00,2.6M,propagationofsound-20100111-cc.tgz
5302,2010-02-18 15:43:00,1.6M,propagationofsound-20100112-ar.tgz
5303,2010-02-18 15:44:00,1.9M,propagationofsound-20100112-rp.tgz
5304,2013-03-09 15:08:00,1.1M,pseudoanime-20120830-ppf.tgz
5305,2012-05-11 14:45:00,1.4M,psst-20120331-kcy.tgz
5306,2008-11-12 07:32:00,1.5M,pszacherski-20081021-ymh.tgz
5307,2012-05-07 11:40:00,1.2M,puggmahone-20101025-eyj.tgz
5308,2012-05-04 14:57:00,1.2M,puggmahone-20101025-leg.tgz
5309,2007-10-21 13:35:00,1.3M,pumpkinslayer-20071020-ejq.tgz
5310,2007-10-21 13:35:00,1.3M,pumpkinslayer-20071020-fct.tgz
5311,2007-10-21 13:35:00,1.4M,pumpkinslayer-20071020-rrg.tgz
5312,2007-10-22 02:56:00,1.4M,pumpkinslayer-20071021-iku.tgz
5313,2013-05-06 04:17:00,1.6M,qsmxpilot-20130413-mea.tgz
5314,2013-05-06 04:17:00,1.9M,qsmxpilot-20130413-oox.tgz
5315,2008-09-30 06:27:00,927K,qway-20080924-yjx.tgz
5316,2008-09-29 06:23:00,767K,qway-20080928-anj.tgz
5317,2012-05-04 14:57:00,2.4M,qzjiao-20101021-pdl.tgz
5318,2012-05-07 15:09:00,1.4M,raf-20101209-rdx.tgz
5319,2010-02-02 16:42:00,1.1M,raghuraman-20090512-enq.tgz
5320,2014-08-24 04:46:00,1.0M,rain-20140731-hyg.tgz
5321,2007-09-20 16:26:00,8.9M,ralfherog-20070918-en7.tgz
5322,2007-08-05 02:49:00,4.5M,ralfherzog-20070803.tgz
5323,2007-08-10 02:47:00,3.6M,ralfherzog-20070810.tgz
5324,2007-08-13 02:58:00,2.9M,ralfherzog-20070812.tgz
5325,2007-08-13 02:58:00,4.1M,ralfherzog-20070813_vf12.tgz
5326,2007-08-15 02:50:00,4.2M,ralfherzog-20070814_vf13.tgz
5327,2007-08-16 02:52:00,4.3M,ralfherzog-20070815_vf14.tgz
5328,2007-08-17 02:50:00,5.0M,ralfherzog-20070816_vf15.tgz
5329,2007-08-19 02:53:00,3.9M,ralfherzog-20070818_vf16.tgz
5330,2007-08-20 02:51:00,4.1M,ralfherzog-20070819_vf17.tgz
5331,2007-08-22 02:55:00,4.1M,ralfherzog-20070820_vf18.tgz
5332,2007-08-24 15:09:00,3.2M,ralfherzog-20070822_vf19.tgz
5333,2007-08-25 03:05:00,3.2M,ralfherzog-20070823_vf20.tgz
5334,2007-08-25 03:05:00,3.4M,ralfherzog-20070824_vf21.tgz
5335,2007-08-26 02:54:00,3.4M,ralfherzog-20070825_vf22.tgz
5336,2007-08-28 03:07:00,3.2M,ralfherzog-20070826_vf23.tgz
5337,2007-08-28 03:07:00,3.5M,ralfherzog-20070827_vf24.tgz
5338,2007-08-31 03:00:00,3.8M,ralfherzog-20070830_vf25.tgz
5339,2007-09-01 16:48:00,8.2M,ralfherzog-20070831-en1.tgz
5340,2007-09-04 03:28:00, 11M,ralfherzog-20070903-en2.tgz
5341,2007-09-10 03:15:00,4.8M,ralfherzog-20070910-en3.tgz
5342,2007-09-13 03:24:00,5.0M,ralfherzog-20070911-en4.tgz
5343,2007-09-13 03:24:00,3.0M,ralfherzog-20070912-vf26.tgz
5344,2007-09-14 03:27:00,3.2M,ralfherzog-20070913-vf27.tgz
5345,2007-09-14 03:27:00,4.6M,ralfherzog-20070914-en5.tgz
5346,2007-09-18 03:10:00,4.7M,ralfherzog-20070917-en6.tgz
5347,2007-09-25 03:29:00,8.3M,ralfherzog-20070923-en8.tgz
5348,2007-09-27 12:14:00,8.7M,ralfherzog-20070924-en9.tgz
5349,2007-10-02 03:30:00,9.1M,ralfherzog-20071001-en10.tgz
5350,2007-10-08 05:01:00,8.6M,ralfherzog-20071007-en11.tgz
5351,2007-10-12 04:38:00, 14M,ralfherzog-20071010-en12.tgz
5352,2007-10-14 03:41:00, 11M,ralfherzog-20071013-en13.tgz
5353,2007-10-15 03:30:00,7.2M,ralfherzog-20071014-en14.tgz
5354,2007-10-30 03:18:00,5.8M,ralfherzog-20071028-en15.tgz
5355,2007-11-08 21:08:00,2.8M,ralfherzog-20071107-en16.tgz
5356,2007-11-20 03:28:00,5.6M,ralfherzog-20071118-en17.tgz
5357,2007-11-22 03:29:00,5.6M,ralfherzog-20071120-en18.tgz
5358,2007-11-23 03:33:00,5.2M,ralfherzog-20071123-en19.tgz
5359,2007-11-28 15:28:00,4.4M,ralfherzog-20071124-en20.tgz
5360,2007-11-28 15:28:00,5.3M,ralfherzog-20071125-en21.tgz
5361,2007-11-28 15:28:00,4.7M,ralfherzog-20071126-en22.tgz
5362,2007-11-29 12:41:00,4.6M,ralfherzog-20071126-en23.tgz
5363,2007-11-29 12:41:00,5.0M,ralfherzog-20071126-en24.tgz
5364,2007-11-29 12:41:00,5.1M,ralfherzog-20071126-en25.tgz
5365,2007-11-29 12:41:00,5.1M,ralfherzog-20071126-en26.tgz
5366,2007-12-03 03:28:00,4.5M,ralfherzog-20071201-en27.tgz
5367,2007-12-06 03:41:00,4.5M,ralfherzog-20071205-en28.tgz
5368,2007-12-06 03:41:00,4.4M,ralfherzog-20071205-en29.tgz
5369,2007-12-07 03:43:00,4.5M,ralfherzog-20071206-en30.tgz
5370,2007-12-07 03:43:00,4.4M,ralfherzog-20071206-en31.tgz
5371,2007-12-09 11:05:00,4.8M,ralfherzog-20071207-en32.tgz
5372,2007-12-09 11:05:00,5.2M,ralfherzog-20071208-en33.tgz
5373,2007-12-10 03:34:00,4.9M,ralfherzog-20071209-en34.tgz
5374,2007-12-12 03:44:00,4.6M,ralfherzog-20071210-en35.tgz
5375,2007-12-12 03:45:00,4.8M,ralfherzog-20071211-en36.tgz
5376,2007-12-13 03:28:00,4.8M,ralfherzog-20071212-en37.tgz
5377,2007-12-15 03:27:00,5.0M,ralfherzog-20071214-en38.tgz
5378,2007-12-16 03:47:00,5.0M,ralfherzog-20071215-en39.tgz
5379,2007-12-16 03:47:00,5.5M,ralfherzog-20071216-en40.tgz
5380,2007-12-18 03:30:00,5.1M,ralfherzog-20071217-en41.tgz
5381,2007-12-19 03:33:00,4.9M,ralfherzog-20071218-en42.tgz
5382,2008-01-10 14:06:00,4.7M,ralfherzog-20080108-en43.tgz
5383,2008-01-10 14:06:00,5.9M,ralfherzog-20080109-en44.tgz
5384,2008-01-10 14:06:00,5.7M,ralfherzog-20080110-en45.tgz
5385,2008-01-11 03:38:00,5.6M,ralfherzog-20080111-en46.tgz
5386,2008-01-13 03:57:00,5.5M,ralfherzog-20080112-en47.tgz
5387,2008-01-13 03:57:00,5.3M,ralfherzog-20080113-en48.tgz
5388,2008-02-03 03:45:00,5.6M,ralfherzog-20080203-en49.tgz
5389,2008-02-04 10:08:00,5.8M,ralfherzog-20080203-en50.tgz
5390,2008-02-04 10:08:00,5.8M,ralfherzog-20080203-en51.tgz
5391,2008-02-05 05:13:00,6.3M,ralfherzog-20080204-en52.tgz
5392,2008-02-05 05:13:00,6.2M,ralfherzog-20080204-en53.tgz
5393,2008-02-05 05:13:00,5.8M,ralfherzog-20080204-en54.tgz
5394,2008-03-10 12:53:00,4.9M,ralfherzog-20080308-en55.tgz
5395,2008-03-10 12:53:00,5.3M,ralfherzog-20080309-en56.tgz
5396,2008-03-11 04:18:00,5.3M,ralfherzog-20080310-en57.tgz
5397,2008-03-13 04:16:00,5.4M,ralfherzog-20080311-en58.tgz
5398,2008-03-13 04:16:00,5.3M,ralfherzog-20080312-en59.tgz
5399,2008-03-14 04:01:00,5.0M,ralfherzog-20080313-en60.tgz
5400,2008-03-17 04:38:00,5.3M,ralfherzog-20080315-en61.tgz
5401,2008-03-17 04:38:00,5.1M,ralfherzog-20080316-en62.tgz
5402,2008-03-18 04:25:00,4.9M,ralfherzog-20080317-en63.tgz
5403,2013-05-08 17:14:00,1.4M,ramgarden-20130503-wvr.tgz
5404,2013-04-09 04:16:00,1.4M,randychan-20130104-hak.tgz
5405,2012-05-09 20:55:00,1.2M,ras23-20110825-sso.tgz
5406,2013-04-03 04:18:00,1.3M,ravi-20130209-qpm.tgz
5407,2012-05-10 04:30:00,1.3M,ray-20111026-iqm.tgz
5408,2010-06-04 12:44:00,786K,reffu-20100413-dhc.tgz
5409,2010-02-02 16:46:00,1.3M,renfengcngmailcom-20090515-isd.tgz
5410,2014-02-26 04:40:00,1.3M,resetPhoenix-20130921-bdj.tgz
5411,2014-02-17 04:54:00,1.3M,resetPhoenix-20130921-qjh.tgz
5412,2014-02-26 04:41:00,1.3M,rfreed-20131012-pfo.tgz
5413,2014-02-17 04:54:00,1.0M,rhamnett-20131027-rju.tgz
5414,2014-02-17 04:53:00,882K,rhamnett-20131027-xbi.tgz
5415,2010-02-02 16:46:00,596K,rharrison-20090911-frt.tgz
5416,2010-02-14 04:18:00,1.4M,riban-20100201-ebw.tgz
5417,2010-02-02 16:46:00,795K,richard-20090818-byw.tgz
5418,2010-02-02 16:46:00,1.0M,richard-20090818-sgv.tgz
5419,2010-02-02 16:46:00,815K,richard-20090820-dec.tgz
5420,2010-02-02 16:46:00,750K,richard-20090820-hvi.tgz
5421,2010-02-02 16:46:00,776K,richard-20090820-hzf.tgz
5422,2010-02-02 16:46:00,727K,richard-20090820-ihy.tgz
5423,2010-02-02 16:46:00,795K,richard-20090820-msf.tgz
5424,2010-02-02 16:46:00,733K,richard-20090820-nfp.tgz
5425,2010-02-02 16:46:00,764K,richard-20090820-omz.tgz
5426,2010-02-02 16:46:00,1.1M,richard-20090820-poa.tgz
5427,2010-02-02 16:46:00,805K,richard-20090820-qse.tgz
5428,2010-02-02 16:46:00,886K,richard-20090820-wjl.tgz
5429,2010-02-02 16:46:00,633K,richard-20090820-yqo.tgz
5430,2010-02-02 16:46:00,809K,richard-20090821-kom.tgz
5431,2010-02-02 16:46:00,669K,richard-20090828-soi.tgz
5432,2010-06-15 11:32:00,4.1M,richarddonkin-20091224.tgz
5433,2008-10-16 06:16:00,1.0M,rick271828-20081014-eyh.tgz
5434,2008-10-16 06:16:00,1.1M,rick271828-20081014-tcj.tgz
5435,2008-10-16 06:16:00,1.0M,rick271828-20081015-ewy.tgz
5436,2008-06-21 06:18:00,1.0M,ridgey-20080620-zrx.tgz
5437,2008-01-28 03:34:00,657K,rifter-20080127-rsq.tgz
5438,2013-04-04 04:07:00,1.1M,rilomino-20130217-xnx.tgz
5439,2010-05-31 22:06:00,1.7M,rj-20100223-drh.tgz
5440,2008-05-18 07:40:00,911K,rjmunro-20080517-pwp.tgz
5441,2008-05-18 07:40:00,835K,rjmunro-20080517-win.tgz
5442,2009-02-26 12:04:00,735K,rjmunro-20090210-col.tgz
5443,2009-02-26 12:04:00,714K,rjmunro-20090210-euv.tgz
5444,2009-02-26 12:04:00,596K,rjmunro-20090210-hhv.tgz
5445,2009-02-26 12:04:00,753K,rjmunro-20090210-jbe.tgz
5446,2009-02-26 12:04:00,759K,rjmunro-20090210-kyd.tgz
5447,2009-02-26 12:04:00,712K,rjmunro-20090210-rza.tgz
5448,2009-02-26 12:04:00,678K,rjmunro-20090210-tvi.tgz
5449,2009-02-26 12:04:00,809K,rjmunro-20090210-ufe.tgz
5450,2009-02-26 12:04:00,751K,rjmunro-20090210-vch.tgz
5451,2009-02-26 12:04:00,746K,rjmunro-20090210-yux.tgz
5452,2009-02-26 12:04:00,652K,rjmunro-20090213-ljs.tgz
5453,2009-02-26 12:04:00,883K,rjmunro-20090213-xte.tgz
5454,2014-06-03 04:33:00,1.2M,rjmxtech-20140601-qmb.tgz
5455,2008-07-21 15:29:00,1.3M,rmmg-20080715-nao.tgz
5456,2010-09-21 08:15:00,1.4M,rob-20100824-fxa.tgz
5457,2007-09-12 03:30:00,4.0M,robertburrelldonkin-200709011-vf11.tgz
5458,2007-09-12 03:30:00,3.7M,robertburrelldonkin-200709011-vf12.tgz
5459,2007-09-12 03:30:00,3.7M,robertburrelldonkin-200709011-vf13.tgz
5460,2007-09-12 03:30:00,3.7M,robertburrelldonkin-200709011-vf14.tgz
5461,2007-09-03 15:42:00,3.4M,robertburrelldonkin-20070902-arthur.tgz
5462,2007-09-03 15:42:00,5.2M,robertburrelldonkin-20070902-cc.tgz
5463,2007-09-03 15:42:00,4.0M,robertburrelldonkin-20070902-rp.tgz
5464,2007-09-05 03:13:00,4.3M,robertburrelldonkin-20070904-vf1.tgz
5465,2007-09-05 03:14:00,4.3M,robertburrelldonkin-20070904-vf2.tgz
5466,2007-09-06 16:06:00,4.3M,robertburrelldonkin-20070905-vf3.tgz
5467,2007-09-06 16:06:00,4.4M,robertburrelldonkin-20070905-vf4.tgz
5468,2007-09-06 16:06:00,3.9M,robertburrelldonkin-20070905-vf5.tgz
5469,2007-09-06 16:06:00,4.0M,robertburrelldonkin-20070905-vf6.tgz
5470,2007-09-07 03:28:00,3.8M,robertburrelldonkin-20070906-vf10.tgz
5471,2007-09-07 03:29:00,3.9M,robertburrelldonkin-20070906-vf7.tgz
5472,2007-09-07 03:29:00,3.8M,robertburrelldonkin-20070906-vf8.tgz
5473,2007-09-07 03:29:00,3.5M,robertburrelldonkin-20070906-vf9.tgz
5474,2007-09-20 16:26:00,3.5M,robertburrelldonkin-20070918-vf15.tgz
5475,2007-09-20 16:26:00,3.3M,robertburrelldonkin-20070918-vf16.tgz
5476,2007-09-20 16:26:00,3.5M,robertburrelldonkin-20070918-vf17.tgz
5477,2007-09-20 16:26:00,3.4M,robertburrelldonkin-20070918-vf18.tgz
5478,2007-10-08 05:01:00,3.6M,robertburrelldonkin-20071007-vf19.tgz
5479,2007-10-08 05:01:00,3.6M,robertburrelldonkin-20071007-vf20.tgz
5480,2007-10-08 05:01:00,3.4M,robertburrelldonkin-20071007-vf21.tgz
5481,2007-10-08 05:01:00,3.4M,robertburrelldonkin-20071007-vf22.tgz
5482,2007-10-08 05:01:00,3.5M,robertburrelldonkin-20071007-vf23.tgz
5483,2012-06-18 18:08:00,1.5M,robertcz-20120609-gka.tgz
5484,2012-06-18 18:07:00,1.4M,robertcz-20120609-iie.tgz
5485,2012-06-18 18:06:00,1.5M,robertcz-20120609-ljw.tgz
5486,2010-02-10 05:28:00,5.0M,robin-20030302-vf10.tgz
5487,2010-02-10 05:29:00,7.0M,robin-20070201.tgz
5488,2010-02-10 05:30:00,5.2M,robin-20070211.tgz
5489,2010-02-10 05:27:00,5.8M,robin-20070212-vf1.tgz
5490,2010-02-10 05:26:00,5.4M,robin-20070212-vf2.tgz
5491,2010-02-10 05:29:00,4.2M,robin-20070212.tgz
5492,2010-02-10 05:28:00,5.1M,robin-20070217-vf3.tgz
5493,2010-02-10 05:28:00,5.3M,robin-20070224-vf4.tgz
5494,2010-02-10 05:28:00,4.8M,robin-20070224-vf5.tgz
5495,2010-02-10 05:27:00,4.3M,robin-20070224-vf6.tgz
5496,2010-02-10 05:30:00,4.5M,robin-20070226-vf7.tgz
5497,2010-02-10 05:28:00,4.7M,robin-20070301-vf8.tgz
5498,2010-02-10 05:30:00,4.7M,robin-20070301-vf9.tgz
5499,2010-02-10 05:30:00,5.3M,robin-20070302-vf11.tgz
5500,2010-02-10 05:29:00,5.1M,robin-20070310-vf12.tgz
5501,2010-02-10 05:27:00,5.1M,robin-20070310-vf13.tgz
5502,2010-02-10 05:28:00,5.0M,robin-20070326-vf14.tgz
5503,2010-02-10 05:28:00,5.0M,robin-20070326-vf15.tgz
5504,2010-02-10 05:28:00,4.5M,robin-20070330-vf16.tgz
5505,2010-02-10 05:30:00,5.1M,robin-20070330-vf17.tgz
5506,2010-02-10 05:27:00,4.9M,robin-20070401-vf18.tgz
5507,2010-02-10 05:29:00,4.8M,robin-20070401-vf19.tgz
5508,2010-02-10 05:29:00,4.9M,robin-20070402-vf20.tgz
5509,2010-02-10 05:28:00,4.8M,robin-20070405-vf21.tgz
5510,2010-02-10 05:26:00,4.6M,robin-20070409-vf22.tgz
5511,2010-02-10 05:29:00,4.6M,robin-20070411-vf23.tgz
5512,2010-02-02 16:51:00,406K,rocket100-20090506-jlh.tgz
5513,2008-04-09 05:01:00,966K,rocketman768-20080408-axr.tgz
5514,2008-04-09 05:01:00,1.1M,rocketman768-20080408-ejx.tgz
5515,2008-04-09 05:01:00,1.0M,rocketman768-20080408-hcj.tgz
5516,2008-04-09 05:01:00,1.3M,rocketman768-20080408-hzy.tgz
5517,2008-04-09 05:01:00,1.0M,rocketman768-20080408-iup.tgz
5518,2008-04-09 05:01:00,1.0M,rocketman768-20080408-jrj.tgz
5519,2008-04-09 05:01:00,1.1M,rocketman768-20080408-lrn.tgz
5520,2008-04-09 05:01:00,1.3M,rocketman768-20080408-mdh.tgz
5521,2008-04-09 05:01:00,1.0M,rocketman768-20080408-oey.tgz
5522,2008-04-09 05:01:00,1.0M,rocketman768-20080408-oln.tgz
5523,2008-04-09 05:01:00,1.0M,rocketman768-20080408-prp.tgz
5524,2008-04-09 05:01:00,1.1M,rocketman768-20080408-pux.tgz
5525,2008-04-09 05:01:00,938K,rocketman768-20080408-ybh.tgz
5526,2008-04-10 04:16:00,1.0M,rocketman768-20080409-oip.tgz
5527,2010-05-31 22:07:00,1.5M,rodarama-20100328-dfr.tgz
5528,2010-05-31 22:07:00,1.2M,roddk3-20100310-msk.tgz
5529,2012-05-08 21:03:00,936K,rohit-20110313-rcf.tgz
5530,2010-02-02 16:52:00,7.5M,rortiz-20090504.tgz
5531,2010-02-14 04:21:00,1.2M,rortiz-20100203-gat.tgz
5532,2010-02-14 04:21:00,1.2M,rortiz-20100203-lge.tgz
5533,2010-02-14 04:20:00,1.4M,rortiz-20100203-oxw.tgz
5534,2010-02-16 22:41:00,1.3M,rortiz-20100203-pre.tgz
5535,2010-02-16 22:44:00,1.2M,rortiz-20100203-vhy.tgz
5536,2010-02-14 04:19:00,1.3M,rortiz-20100203-yin.tgz
5537,2010-02-14 04:20:00,1.1M,rortiz-20100209-cys.tgz
5538,2010-02-16 22:43:00,1.3M,rortiz-20100209-ffs.tgz
5539,2010-02-14 04:20:00,1.1M,rortiz-20100209-hzh.tgz
5540,2010-02-14 04:19:00,1.2M,rortiz-20100209-ioj.tgz
5541,2010-02-14 04:19:00,1.1M,rortiz-20100209-nuj.tgz
5542,2010-02-14 04:19:00,1.0M,rortiz-20100209-omx.tgz
5543,2010-02-16 22:44:00,1.1M,rortiz-20100209-orz.tgz
5544,2010-02-14 04:20:00,1.3M,rortiz-20100209-uyg.tgz
5545,2010-02-14 04:19:00,1.2M,rortiz-20100209-vqr.tgz
5546,2013-04-10 04:29:00,1.6M,rortiz-20121211-fdr.tgz
5547,2013-04-10 04:28:00,1.5M,rortiz-20121211-gxz.tgz
5548,2013-04-10 04:29:00,1.4M,rortiz-20121211-pta.tgz
5549,2013-04-10 04:28:00,1.4M,rortiz-20121211-wke.tgz
5550,2013-04-10 04:27:00,1.5M,rortiz-20121212-iwv.tgz
5551,2013-04-10 04:28:00,1.3M,rortiz-20121212-qak.tgz
5552,2013-04-10 04:29:00,1.4M,rortiz-20121212-qxm.tgz
5553,2013-04-10 04:28:00,1.4M,rortiz-20121212-suo.tgz
5554,2013-04-10 04:29:00,1.3M,rortiz-20121212-vqg.tgz
5555,2013-04-10 04:28:00,1.4M,rortiz-20121214-ekr.tgz
5556,2013-04-10 04:28:00,1.2M,rortiz-20121214-ltw.tgz
5557,2013-04-10 04:28:00,1.3M,rortiz-20121214-oqi.tgz
5558,2013-04-10 04:28:00,1.2M,rortiz-20121214-pip.tgz
5559,2013-04-10 04:28:00,1.5M,rortiz-20121214-qxa.tgz
5560,2013-04-10 04:27:00,1.3M,rortiz-20121214-sst.tgz
5561,2013-04-10 04:27:00,1.6M,rortiz-20121214-twh.tgz
5562,2013-04-10 04:28:00,1.3M,rortiz-20121214-vks.tgz
5563,2013-04-10 04:28:00,1.5M,rortiz-20121214-yds.tgz
5564,2015-10-28 04:06:00,924K,rortiz-20151013-art.tgz
5565,2015-10-28 04:05:00,1.0M,rortiz-20151013-ebm.tgz
5566,2015-10-28 04:05:00,1.1M,rortiz-20151013-iof.tgz
5567,2015-10-28 04:05:00,1.1M,rortiz-20151013-iqt.tgz
5568,2015-10-28 04:06:00,1.0M,rortiz-20151013-iwe.tgz
5569,2015-10-28 04:05:00,1.0M,rortiz-20151013-lok.tgz
5570,2015-10-28 04:05:00,1.0M,rortiz-20151013-lpi.tgz
5571,2015-10-28 04:06:00,1.1M,rortiz-20151013-mgu.tgz
5572,2015-10-28 04:06:00,1.1M,rortiz-20151013-tgh.tgz
5573,2015-10-28 04:06:00,1.0M,rortiz-20151013-utc.tgz
5574,2016-04-01 13:35:00,2.0M,rortiz-20160226-dbo.tgz
5575,2016-04-01 13:34:00,2.2M,rortiz-20160226-dqc.tgz
5576,2016-04-01 13:35:00,2.1M,rortiz-20160226-drm.tgz
5577,2016-04-01 13:34:00,2.2M,rortiz-20160226-eqk.tgz
5578,2016-04-01 13:34:00,2.1M,rortiz-20160226-ffd.tgz
5579,2016-04-01 13:34:00,2.3M,rortiz-20160226-hiu.tgz
5580,2016-04-01 13:34:00,2.2M,rortiz-20160226-jsr.tgz
5581,2016-04-01 13:34:00,1.9M,rortiz-20160226-klk.tgz
5582,2016-03-23 16:55:00,2.2M,rortiz-20160226-ldg.tgz
5583,2016-04-01 13:35:00,2.1M,rortiz-20160226-lfo.tgz
5584,2016-04-01 13:34:00,2.2M,rortiz-20160226-nlh.tgz
5585,2016-04-01 13:34:00,2.1M,rortiz-20160226-pde.tgz
5586,2016-03-23 16:55:00,2.1M,rortiz-20160226-pux.tgz
5587,2016-04-01 13:34:00,1.8M,rortiz-20160226-rml.tgz
5588,2016-04-01 13:35:00,2.4M,rortiz-20160226-sjk.tgz
5589,2016-04-01 13:35:00,2.1M,rortiz-20160226-xlu.tgz
5590,2016-04-01 13:34:00,2.1M,rortiz-20160226-ymo.tgz
5591,2016-04-01 13:35:00,2.3M,rortiz-20160226-zbf.tgz
5592,2008-03-10 12:53:00,7.2M,royerfa-20080305-smp.tgz
5593,2008-03-10 12:53:00,7.2M,royerfa-20080305-trn.tgz
5594,2008-03-10 12:53:00,6.8M,royerfa-20080305-tst.tgz
5595,2008-03-10 12:53:00,7.3M,royerfa-20080305.tgz
5596,2008-03-10 12:53:00,5.4M,royerfa-20080306.tgz
5597,2008-03-10 12:53:00,8.6M,royerfa-20080307.tgz
5598,2008-03-11 04:18:00,9.1M,royerfa-20080309.tgz
5599,2012-05-08 21:04:00,1.5M,rreeves-20110404-jyo.tgz
5600,2012-06-21 04:18:00,967K,rsyh93-20120619-awv.tgz
5601,2012-06-21 04:19:00,1.0M,rsyh93-20120619-vlz.tgz
5602,2012-06-21 04:18:00,893K,rsyh93-20120619-wqt.tgz
5603,2012-06-23 04:18:00,1.1M,rsyh93-20120621-gvu.tgz
5604,2013-06-05 04:06:00,1.3M,rtspeak-20130604-yzv.tgz
5605,2014-12-12 03:03:00,941K,ruagal-20141125-vei.tgz
5606,2010-02-14 04:20:00,1.7M,ruedigerfreemailru-20100209-bwe.tgz
5607,2010-02-14 04:19:00,1.6M,ruediru-20100209-lay.tgz
5608,2010-02-14 04:20:00,1.6M,ruediru-20100209-qix.tgz
5609,2010-02-14 04:19:00,1.4M,ruediru-20100209-qkq.tgz
5610,2008-02-12 03:36:00,1.0M,russellfeeed-20080211-upk.tgz
5611,2008-09-10 07:18:00,743K,rustushki-20080901-sos.tgz
5612,2008-09-10 07:18:00,1.0M,rustushki-20080901-usi.tgz
5613,2008-09-10 07:18:00,1.1M,rustushki-20080901-utf.tgz
5614,2008-09-10 07:18:00,1.1M,rustushki-20080901-vwj.tgz
5615,2007-04-30 00:17:00,7.8M,rusty-10132006.tgz
5616,2008-11-12 07:32:00,1.9M,rwtobey-20081023-dmo.tgz
5617,2008-11-12 07:32:00,1.3M,rwtobey-20081023-ecg.tgz
5618,2008-11-12 07:32:00,1.0M,rwtobey-20081023-jiv.tgz
5619,2008-11-12 07:32:00,1.2M,rwtobey-20081023-lpy.tgz
5620,2008-11-12 07:32:00,1.2M,rwtobey-20081023-oag.tgz
5621,2008-11-12 07:32:00,1.5M,rwtobey-20081023-qra.tgz
5622,2008-11-12 07:32:00,1.2M,rwtobey-20081023-vtw.tgz
5623,2010-02-02 16:53:00,1.1M,rwunsch-20090706-onj.tgz
5624,2010-02-02 16:53:00,844K,ryanjyoder-20091229-uvs.tgz
5625,2007-11-20 03:28:00,1.1M,safi-20071118-swr.tgz
5626,2012-05-11 04:51:00,1.1M,sakurairo-20120315-pit.tgz
5627,2008-09-08 18:15:00,1.5M,saltamontes-20080814-oal.tgz
5628,2013-05-25 04:18:00,1.5M,sameer0s-20130523-ecg.tgz
5629,2013-05-25 04:18:00,1.6M,sameer0s-20130523-ljx.tgz
5630,2014-11-14 03:04:00,1.1M,samfindlay-20141106-brv.tgz
5631,2014-12-11 03:32:00,1.1M,samfindlay-20141106-cbc.tgz
5632,2014-11-14 03:04:00,1.2M,samfindlay-20141106-fss.tgz
5633,2014-12-11 03:31:00,1.3M,samfindlay-20141106-fyo.tgz
5634,2014-11-14 03:03:00,1.1M,samfindlay-20141106-kao.tgz
5635,2014-11-14 03:04:00,1.2M,samfindlay-20141106-mnj.tgz
5636,2014-11-14 03:04:00,1.2M,samfindlay-20141106-nvt.tgz
5637,2014-11-14 03:04:00,1.3M,samfindlay-20141106-ozr.tgz
5638,2010-02-02 16:53:00,1.3M,sampattuzzi-20091120-hle.tgz
5639,2010-02-02 16:53:00,1.3M,sampattuzzi-20091120-nee.tgz
5640,2010-02-02 16:53:00,1.1M,samuelbuffet-20090711-mvm.tgz
5641,2010-02-02 16:53:00,1.1M,samuelbuffet-20090712-tcf.tgz
5642,2012-05-10 14:08:00,1.6M,sandip-20111021-zqe.tgz
5643,2014-02-15 04:47:00,1.4M,sandipan100-20140108-txn.tgz
5644,2014-05-02 04:29:00,740K,sarah-20140107-klo.tgz
5645,2014-05-02 04:30:00,667K,sarah-20140107-uoq.tgz
5646,2014-03-27 04:13:00,1.7M,sarah-20140326-csv.tgz
5647,2014-03-27 04:13:00,1.7M,sarah-20140326-sev.tgz
5648,2010-09-22 08:14:00,1.1M,sathish-20100823-zcf.tgz
5649,2010-09-19 11:17:00,1.2M,sbf2009-20100821-wug.tgz
5650,2015-12-04 04:05:00,1.8M,sbl-20151123-bjl.tgz
5651,2015-12-04 04:04:00,1.9M,sbl-20151123-cpn.tgz
5652,2015-12-04 04:05:00,1.8M,sbl-20151123-dog.tgz
5653,2015-12-04 04:06:00,1.7M,sbl-20151123-grn.tgz
5654,2015-12-04 04:05:00,1.7M,sbl-20151123-jds.tgz
5655,2015-12-04 04:05:00,1.6M,sbl-20151123-qxn.tgz
5656,2015-12-04 04:05:00,1.8M,sbl-20151123-ufq.tgz
5657,2015-12-04 04:05:00,1.7M,sbl-20151123-xqh.tgz
5658,2015-12-04 04:06:00,1.9M,sbl-20151123-yyu.tgz
5659,2010-07-20 09:49:00,1.3M,schultetwin1-20100709-olv.tgz
5660,2013-03-13 12:44:00,1.4M,scotsabe-20120910-bjs.tgz
5661,2013-03-13 12:44:00,1.6M,scotsabe-20120910-fey.tgz
5662,2013-03-13 12:45:00,1.7M,scotsabe-20120910-job.tgz
5663,2013-03-13 12:44:00,1.8M,scotsabe-20120910-oqr.tgz
5664,2013-03-13 12:44:00,1.3M,scotsabe-20120910-pwc.tgz
5665,2013-03-13 12:45:00,1.5M,scotsabe-20120910-sdb.tgz
5666,2013-03-13 12:45:00,1.7M,scotsabe-20120910-skx.tgz
5667,2008-09-08 18:15:00,1.0M,scottlacysalley-20080825-bbl.tgz
5668,2008-09-08 18:15:00,1.2M,scottlacysalley-20080825-ezz.tgz
5669,2008-09-08 18:15:00,1.1M,scottlacysalley-20080825-fce.tgz
5670,2008-09-08 18:15:00,1.0M,scottlacysalley-20080825-jce.tgz
5671,2008-09-08 18:15:00,1.2M,scottlacysalley-20080825-jhu.tgz
5672,2008-09-08 18:15:00,1.0M,scottlacysalley-20080825-obq.tgz
5673,2008-09-08 18:15:00,1.1M,scottlacysalley-20080825-whg.tgz
5674,2008-06-20 05:33:00,1.4M,scribe63-20080615-pnh.tgz
5675,2012-05-10 04:32:00,1.0M,sdrazin-20111001-cpy.tgz
5676,2010-02-02 16:54:00,1.0M,seanchan-20090715-nlm.tgz
5677,2010-02-02 16:54:00,797K,seanmhogan-20090825-zzl.tgz
5678,2012-05-15 14:31:00,658K,sebble-20120308-xku.tgz
5679,2008-12-04 10:27:00,856K,secrethotline-20081130-vsl.tgz
5680,2017-04-24 04:06:00,1.4M,serak-20170326-dvj.tgz
5681,2017-04-05 04:06:00,1.3M,serak-20170326-zna.tgz
5682,2013-05-08 17:12:00,1.5M,severaltimes-20121101-yqg.tgz
5683,2013-04-02 04:10:00,1.7M,sfasd-20130314-vvr.tgz
5684,2010-08-06 11:20:00,1.3M,sfauzia-20100731-cqd.tgz
5685,2010-08-06 11:22:00,1.3M,sfauzia-20100731-nyj.tgz
5686,2010-08-06 11:21:00,1.4M,sfauzia-20100731-utk.tgz
5687,2014-05-23 12:27:00,1.5M,sg42-20140519-qiw.tgz
5688,2010-06-15 11:34:00,1.2M,shadowwraith-20100613-acx.tgz
5689,2010-06-15 11:31:00,1.3M,shadowwraith-20100613-lrp.tgz
5690,2007-09-27 12:14:00,6.2M,shakyhand-2007-09-25.tgz
5691,2012-05-08 10:48:00,2.0M,sharavsambuu-20110126-uke.tgz
5692,2008-11-12 07:32:00,1.0M,sharrington-20081018-blu.tgz
5693,2008-11-12 07:32:00,1.0M,sharrington-20081018-lmj.tgz
5694,2008-11-12 07:32:00,1.3M,sharrington-20081018-mux.tgz
5695,2008-10-30 15:36:00,1.0M,sharrington-20081018-ncv.tgz
5696,2008-11-13 08:00:00,970K,sharrington-20081018-rgy.tgz
5697,2008-11-13 08:00:00,966K,sharrington-20081018-ucg.tgz
5698,2008-11-13 08:00:00,855K,sharrington-20081018-uuu.tgz
5699,2008-11-13 08:00:00,812K,sharrington-20081018-ygq.tgz
5700,2008-11-13 08:00:00,1.1M,sharrington-20081018-yqy.tgz
5701,2008-10-30 15:36:00,942K,sharrington-20081018-zkw.tgz
5702,2009-01-09 10:34:00,1.0M,shashibg-20090103-hus.tgz
5703,2013-05-10 04:29:00,1.4M,shellemie-20121114-zmz.tgz
5704,2012-05-29 04:14:00,1.7M,shouso-20120528-whx.tgz
5705,2014-04-25 04:37:00,1.6M,siddharthsharma-20140402-qdp.tgz
5706,2010-02-02 16:55:00,4.5M,sil-20090322.tgz
5707,2008-03-29 17:17:00,1.6M,simcop2387-20080324-psl.tgz
5708,2008-11-15 05:53:00,1.0M,simonmcandrew-20081114-zoz.tgz
5709,2010-02-02 16:55:00,4.0M,simulant-20090912.tgz
5710,2014-10-19 04:22:00,1.2M,sixsmith-20141016-omz.tgz
5711,2014-10-24 04:24:00,1.1M,sixsmith-20141016-pvl.tgz
5712,2014-06-09 04:46:00,2.3M,skeledrew-20140608-ekk.tgz
5713,2014-06-11 04:37:00,1.8M,skeledrew-20140608-xot.tgz
5714,2017-08-01 12:10:00,1.0M,skyfullostars-20170727-baj.tgz
5715,2008-12-21 17:38:00,3.5M,slaveofone-20081214.tgz
5716,2008-12-21 17:38:00,4.2M,slaveofone-20081215.tgz
5717,2009-01-12 07:04:00,1.0M,smarsh-20090111-cph.tgz
5718,2009-01-12 07:04:00,956K,smarsh-20090111-ecy.tgz
5719,2009-01-12 07:04:00,891K,smarsh-20090111-rdv.tgz
5720,2009-01-12 07:04:00,1.0M,smarsh-20090111-uzk.tgz
5721,2009-01-12 07:04:00,927K,smarsh-20090111-xlj.tgz
5722,2010-09-19 11:18:00,1.4M,smradmin-20100904-icx.tgz
5723,2013-04-05 04:22:00,1.6M,snblitz-20130127-cpq.tgz
5724,2013-04-09 04:16:00,1.4M,snblitz-20130127-kez.tgz
5725,2013-04-05 04:22:00,1.5M,snblitz-20130127-rnr.tgz
5726,2013-04-05 04:22:00,1.4M,snblitz-20130127-tcj.tgz
5727,2013-04-09 04:15:00,1.4M,snblitz-20130127-wtt.tgz
5728,2013-04-05 04:22:00,1.3M,snblitz-20130127-ybt.tgz
5729,2014-02-11 04:47:00,1.7M,soroosh-20140123-alx.tgz
5730,2010-02-02 16:56:00,1.3M,soulphox-20100119-qmd.tgz
5731,2010-02-02 16:56:00,1.2M,soulphox-20100119-wiz.tgz
5732,2010-02-02 16:56:00,1.1M,soulphox-20100120-avm.tgz
5733,2010-02-02 16:56:00,1.2M,soulphox-20100120-bmy.tgz
5734,2010-02-02 16:56:00,1.2M,soulphox-20100120-cqs.tgz
5735,2010-02-02 16:56:00,1.5M,soulphox-20100120-dfy.tgz
5736,2010-02-02 16:56:00,1.4M,soulphox-20100120-dkm.tgz
5737,2010-02-02 16:56:00,1.3M,soulphox-20100120-hjj.tgz
5738,2010-02-02 16:56:00,1.4M,soulphox-20100120-oau.tgz
5739,2010-02-02 16:56:00,1.4M,soulphox-20100120-pyl.tgz
5740,2010-02-02 16:56:00,1.3M,soulphox-20100120-tco.tgz
5741,2010-02-02 16:56:00,1.3M,soulphox-20100120-tnv.tgz
5742,2010-02-02 16:57:00,1.3M,soulphox-20100121-axc.tgz
5743,2010-02-02 16:57:00,1.4M,soulphox-20100121-elr.tgz
5744,2010-02-02 16:57:00,1.2M,soulphox-20100121-kcm.tgz
5745,2010-02-02 16:57:00,1.4M,soulphox-20100121-nga.tgz
5746,2010-02-02 16:57:00,1.3M,soulphox-20100121-skn.tgz
5747,2010-02-16 22:42:00,1.3M,soulphox-20100126-dec.tgz
5748,2010-02-14 04:19:00,1.3M,soulphox-20100126-net.tgz
5749,2010-02-14 04:21:00,1.2M,soulphox-20100126-sdv.tgz
5750,2010-02-16 22:42:00,1.2M,soulphox-20100126-zpp.tgz
5751,2010-02-14 04:18:00,1.4M,soulphox-20100203-ana.tgz
5752,2010-02-14 04:20:00,866K,soulphox-20100203-izl.tgz
5753,2010-02-14 04:21:00,1.1M,soulphox-20100203-mmg.tgz
5754,2010-02-14 04:19:00,1.2M,soulphox-20100203-syc.tgz
5755,2010-02-14 04:20:00,1.1M,soulphox-20100203-zhq.tgz
5756,2008-01-04 03:18:00,1.0M,soup-20080103-nyi.tgz
5757,2010-02-02 16:57:00,1.7M,southerman-20091030-tzr.tgz
5758,2010-02-02 16:57:00,1.6M,southernman-20091030-iwt.tgz
5759,2010-02-02 16:57:00,1.8M,southernman-20091031-iyz.tgz
5760,2010-09-19 11:15:00,1.2M,sponsellerfd-20100909-afe.tgz
5761,2010-09-21 08:14:00,1.2M,sponsellerfd-20100909-afk.tgz
5762,2010-09-19 11:15:00,1.3M,sponsellerfd-20100909-hns.tgz
5763,2010-09-19 11:15:00,1.3M,sponsellerfd-20100909-jve.tgz
5764,2010-09-19 11:16:00,1.0M,sponsellerfd-20100909-kjj.tgz
5765,2010-09-19 11:16:00,1.1M,sponsellerfd-20100909-lmk.tgz
5766,2010-09-19 11:18:00,1.1M,sponsellerfd-20100909-lpp.tgz
5767,2010-09-19 11:18:00,1.3M,sponsellerfd-20100909-smq.tgz
5768,2010-09-19 11:16:00,1.2M,sponsellerfd-20100909-tmb.tgz
5769,2010-09-19 11:14:00,1.2M,sponsellerfd-20100909-vne.tgz
5770,2010-09-19 11:16:00,1.4M,sponsellerfd-20100909-xmj.tgz
5771,2015-01-30 02:56:00,1.1M,spoonm-20150128-ikg.tgz
5772,2012-05-11 04:47:00,1.0M,spych102-20120324-ddt.tgz
5773,2012-05-11 04:48:00,1.1M,spych102-20120324-dms.tgz
5774,2012-05-11 04:44:00,1.0M,spych102-20120324-fyd.tgz
5775,2012-05-11 04:53:00,1.1M,spych102-20120324-hde.tgz
5776,2012-05-11 04:50:00,1.2M,spych102-20120324-ijm.tgz
5777,2012-05-11 14:42:00,1.0M,spych102-20120324-jbm.tgz
5778,2012-05-11 04:47:00,1.2M,spych102-20120324-rnm.tgz
5779,2012-05-11 04:46:00,1.4M,spych102-20120324-wxa.tgz
5780,2007-05-20 04:07:00,2.7M,squilla-20070519.tgz
5781,2010-02-02 16:57:00,782K,src105-20090728-yal.tgz
5782,2010-02-02 16:57:00,1.5M,sriram-20100118-qyz.tgz
5783,2012-05-08 13:08:00,1.1M,ss-20110319-cup.tgz
5784,2012-05-10 04:29:00,1.2M,ssanfrat-20111008-hbs.tgz
5785,2012-05-09 20:55:00,1.3M,sshick06-20110815-bay.tgz
5786,2012-05-09 16:10:00,1.1M,sshick06-20110815-lwv.tgz
5787,2007-06-06 07:51:00, 28M,starlite-20070605-che.tgz
5788,2007-06-14 06:33:00, 33M,starlite-20070613-fur1.tgz
5789,2010-02-02 16:58:00, 29M,starlite-20070613-fur5.tgz
5790,2007-06-18 05:33:00, 33M,starlite-20070613-fur6.tgz
5791,2007-06-15 06:17:00, 27M,starlite-20070614-fur2.tgz
5792,2007-06-16 06:59:00, 25M,starlite-20070615-fur3.tgz
5793,2007-06-16 07:00:00, 29M,starlite-20070615-fur4.tgz
5794,2007-06-19 05:33:00, 31M,starlite-20070618-fur7.tgz
5795,2008-09-09 10:43:00,853K,stephsphynx-20080829-eyq.tgz
5796,2008-09-09 10:43:00,1.0M,stephsphynx-20080829-ezq.tgz
5797,2008-09-09 10:43:00,821K,stephsphynx-20080829-mtp.tgz
5798,2008-09-09 10:43:00,674K,stephsphynx-20080829-qph.tgz
5799,2008-09-09 10:43:00,834K,stephsphynx-20080829-rea.tgz
5800,2008-09-09 10:43:00,849K,stephsphynx-20080829-sff.tgz
5801,2008-09-09 10:43:00,849K,stephsphynx-20080829-tda.tgz
5802,2012-06-14 04:25:00,1.2M,subin-20101023-xzx.tgz
5803,2010-02-02 16:59:00,883K,sunflame-20090525-hgf.tgz
5804,2013-03-28 04:08:00,1.3M,sunjun-20121004-fan.tgz
5805,2013-03-30 04:06:00,1.7M,sunjun-20121004-jmk.tgz
5806,2013-03-28 04:06:00,1.4M,sunjun-20121004-jyz.tgz
5807,2010-06-04 12:44:00,1.3M,superwebium-20100514-eqw.tgz
5808,2014-02-11 04:47:00,1.6M,surbhi-20131207-eai.tgz
5809,2012-07-30 15:49:00,1.4M,surgemcgee-20120720-oob.tgz
5810,2012-07-30 04:23:00,1.3M,surgemcgee-20120722-crh.tgz
5811,2012-07-30 15:50:00,1.3M,surgemcgee-20120722-gyy.tgz
5812,2012-07-30 15:49:00,1.3M,surgemcgee-20120722-jzb.tgz
5813,2012-07-30 15:49:00,1.4M,surgemcgee-20120722-oia.tgz
5814,2012-07-30 15:51:00,1.2M,surgemcgee-20120722-veb.tgz
5815,2009-01-09 10:34:00,1.1M,susrut-20090104-bns.tgz
5816,2012-05-07 15:09:00,2.7M,swathi-20101227-ppd.tgz
5817,2012-04-25 02:01:00,1.2M,swedischman-20101027-swz.tgz
5818,2012-04-25 02:00:00,1.3M,swedishman-20101027-mnc.tgz
5819,2012-04-25 02:02:00,1.4M,swedisnman-20101027-fks.tgz
5820,2010-02-02 16:59:00,1.1M,sydb-20090506-ehj.tgz
5821,2010-02-02 16:59:00,1.2M,sydb-20090506-fzn.tgz
5822,2010-02-02 16:59:00,1.4M,sydb-20090506-nun.tgz
5823,2010-02-02 16:59:00,1.3M,sydb-20090506-owh.tgz
5824,2010-02-02 16:59:00,1.2M,sydb-20090506-sbb.tgz
5825,2010-02-02 16:59:00,1.1M,sydb-20090506-spf.tgz
5826,2010-02-02 17:00:00,1.2M,sydb-20090506-vql.tgz
5827,2010-02-02 17:00:00,1.1M,sydb-20090506-yli.tgz
5828,2014-02-15 04:46:00,1.0M,synapticx-20131218-maj.tgz
5829,2008-02-23 03:53:00,1.1M,sza-20080221-dvr.tgz
5830,2014-09-14 04:21:00,822K,tandraericson-20140831-eem.tgz
5831,2014-09-04 04:24:00,559K,tandraericson-20140831-gbu.tgz
5832,2014-09-03 04:31:00,1.4M,tandraericson-20140831-kfr.tgz
5833,2014-09-03 04:31:00,1.2M,tandraericson-20140831-pdr.tgz
5834,2014-09-03 04:31:00,1.4M,tandraericson-20140831-rjx.tgz
5835,2008-10-15 09:45:00,1.4M,tarciana-20081009-laj.tgz
5836,2009-01-28 05:54:00,1.2M,taslack-20090113-epc.tgz
5837,2009-01-28 05:54:00,1.5M,taslack-20090113-vno.tgz
5838,2009-01-28 05:54:00,1.0M,taslack-20090114-mfh.tgz
5839,2009-01-28 05:54:00,850K,taslack-20090114-rmt.tgz
5840,2012-05-07 15:08:00,1.0M,tb-20110210-gnr.tgz
5841,2012-05-07 15:09:00,1.0M,tb-20110210-mgx.tgz
5842,2012-05-07 15:09:00,1.0M,tb-20110210-ojk.tgz
5843,2012-05-07 15:09:00,884K,tb-20110210-qry.tgz
5844,2012-05-07 15:08:00,1.0M,tb-20110210-sbj.tgz
5845,2012-05-07 15:09:00,1.1M,tb-20110210-xdw.tgz
5846,2010-02-02 17:00:00,1.2M,tbudicin-20090512-bkr.tgz
5847,2014-02-26 04:40:00,1.2M,tdor-20131029-czi.tgz
5848,2014-02-17 04:55:00,1.3M,tdor-20131029-hdz.tgz
5849,2014-02-17 04:54:00,1.3M,tdor-20131029-pyx.tgz
5850,2014-02-17 04:54:00,3.9M,tech-20131002-oms.tgz
5851,2012-07-20 04:32:00,1.2M,technodemigod-20120719-uqc.tgz
5852,2008-11-13 08:00:00,801K,tee-20081105-knc.tgz
5853,2010-02-02 17:01:00,646K,teeks99-20090406-aai.tgz
5854,2010-02-02 17:01:00,732K,teeks99-20090406-amn.tgz
5855,2010-02-02 17:01:00,772K,teeks99-20090406-gah.tgz
5856,2010-02-02 17:01:00,694K,teeks99-20090406-hnf.tgz
5857,2010-02-02 17:01:00,712K,teeks99-20090406-vjp.tgz
5858,2010-02-02 17:01:00,662K,teeks99-20090406-voa.tgz
5859,2010-02-02 17:01:00,748K,teeks99-20090406-vqd.tgz
5860,2010-02-02 17:01:00,676K,teeks99-20090406-xae.tgz
5861,2010-02-02 17:01:00,702K,teeks99-20090406-ztj.tgz
5862,2010-02-02 17:01:00,718K,teeks99-20090430-cmk.tgz
5863,2010-02-02 17:01:00,618K,teeks99-20090430-dof.tgz
5864,2010-02-02 17:01:00,647K,teeks99-20090430-gjx.tgz
5865,2010-02-02 17:01:00,737K,teeks99-20090430-jan.tgz
5866,2010-02-02 17:01:00,660K,teeks99-20090430-zjo.tgz
5867,2010-02-02 17:01:00,716K,teeks99-20090430-zup.tgz
5868,2010-02-02 17:01:00,1.0M,teeks99-20091212-ffu.tgz
5869,2010-02-02 17:01:00,1.0M,teeks99-20091212-fgq.tgz
5870,2010-02-02 17:02:00,1.0M,teeks99-20091212-hcd.tgz
5871,2010-02-02 17:02:00,1.0M,teeks99-20091212-kah.tgz
5872,2010-02-02 17:02:00,1.0M,teeks99-20091212-nqq.tgz
5873,2010-02-02 17:02:00,1.1M,teeks99-20091212-xle.tgz
5874,2008-09-19 22:23:00,599K,temptest-20080916-qvx.tgz
5875,2008-06-20 05:33:00,1.0M,test-20080617-sbg.tgz
5876,2012-05-04 11:16:00,1.2M,test-20100811-jxh.tgz
5877,2014-04-24 04:26:00,1.3M,test-20140419-yhz.tgz
5878,2012-05-04 11:16:00,4.6M,test.tgz
5879,2012-04-25 02:01:00,1.3M,tester-20101209-ash.tgz
5880,2013-05-16 04:12:00,1.3M,tester1001-20130113-fzx.tgz
5881,2012-05-09 16:13:00,1.3M,thakuraman-20110704-xym.tgz
5882,2010-09-22 08:16:00,1.1M,thatdudeyouknow-20100820-dhd.tgz
5883,2013-03-31 14:49:00,1.6M,thebritisharecoming-20130308-pjx.tgz
5884,2013-05-26 04:13:00,1.5M,theduke-20130523-fvy.tgz
5885,2013-05-26 04:12:00,1.5M,theduke-20130523-imo.tgz
5886,2013-05-26 04:12:00,1.5M,theduke-20130523-shh.tgz
5887,2010-02-16 22:44:00,1.5M,thelinuxer-20100125-uif.tgz
5888,2010-09-19 11:14:00,1.3M,thepinkcat-20100914-low.tgz
5889,2010-02-02 17:02:00,1.0M,tiago-20090318-qjq.tgz
5890,2010-02-02 17:02:00,1.0M,tiago-20090318-tlb.tgz
5891,2010-02-02 17:02:00,1.0M,tiago-20090318-wsl.tgz
5892,2010-02-14 04:21:00,955K,tiaramerchgirl-20100129-bjj.tgz
5893,2010-06-05 08:10:00,1.6M,tim999-20100529-joe.tgz
5894,2014-07-14 04:36:00,1.2M,tino-20140621-uml.tgz
5895,2014-02-26 04:40:00,1.4M,tinyMrChaos-20130731-zuh.tgz
5896,2008-05-17 04:50:00, 33M,tis-20080416-tou.tgz
5897,2013-04-04 04:07:00,1.3M,tisn-20130218-gbh.tgz
5898,2013-05-10 04:31:00,1.0M,titus-20121012-sch.tgz
5899,2008-02-08 03:40:00,1.7M,tjm1983-20071129-poe.tgz
5900,2008-02-02 14:15:00,2.5M,tjm1983-20071129.tgz
5901,2010-02-02 17:03:00,1.3M,tkelley353-20090430-bti.tgz
5902,2010-02-02 17:03:00,971K,tkelley353-20090430-hxn.tgz
5903,2010-02-02 17:03:00,1.7M,tkelley353-20090430-zof.tgz
5904,2010-02-02 17:03:00,1.0M,tkelley353-20090501-bxj.tgz
5905,2010-02-02 17:03:00,1.2M,tkelley353-20090501-qsf.tgz
5906,2008-09-22 09:44:00,1.2M,tmarkus-20080919-hhv.tgz
5907,2008-09-22 09:44:00,955K,tmarkus-20080919-nyg.tgz
5908,2008-09-22 09:44:00,1.0M,tmarkus-20080919-trq.tgz
5909,2012-05-10 04:29:00,1.3M,toddh-20111105-lgw.tgz
5910,2012-05-10 04:30:00,1.3M,toddh-20111105-pbd.tgz
5911,2016-02-03 03:57:00,1.3M,tomasf-20160115-hdc.tgz
5912,2008-04-10 04:16:00, 15M,tomhannen-20080409.tgz
5913,2008-04-11 13:27:00,1.3M,tomhannen-20080410-bfg.tgz
5914,2008-04-11 13:27:00,1.6M,tomhannen-20080410-hlb.tgz
5915,2008-04-11 13:27:00,1.4M,tomhannen-20080410-hxs.tgz
5916,2008-04-11 13:27:00,1.4M,tomhannen-20080410-idz.tgz
5917,2008-04-11 13:27:00,1.4M,tomhannen-20080410-nrf.tgz
5918,2008-04-11 13:27:00,1.3M,tomhannen-20080410-tsg.tgz
5919,2008-04-11 13:27:00,1.7M,tomhannen-20080410-vrp.tgz
5920,2008-04-11 13:27:00,1.5M,tomhannen-20080410-ynw.tgz
5921,2008-04-12 07:57:00,1.4M,tomhannen-20080411-aeb.tgz
5922,2008-04-12 07:57:00,1.3M,tomhannen-20080411-bqm.tgz
5923,2008-04-12 07:57:00,1.3M,tomhannen-20080411-cmx.tgz
5924,2008-04-12 07:57:00,1.2M,tomhannen-20080411-cnt.tgz
5925,2008-04-12 07:57:00,1.3M,tomhannen-20080411-djj.tgz
5926,2008-04-12 07:57:00,1.3M,tomhannen-20080411-dwh.tgz
5927,2008-04-12 07:57:00,1.3M,tomhannen-20080411-ebw.tgz
5928,2008-04-12 07:57:00,1.1M,tomhannen-20080411-ely.tgz
5929,2008-04-12 07:57:00,1.4M,tomhannen-20080411-epi.tgz
5930,2008-04-12 07:57:00,1.3M,tomhannen-20080411-flh.tgz
5931,2008-04-12 07:57:00,1.3M,tomhannen-20080411-ium.tgz
5932,2008-04-12 07:57:00,1.4M,tomhannen-20080411-kvt.tgz
5933,2008-04-12 07:57:00,1.3M,tomhannen-20080411-lvm.tgz
5934,2008-04-12 07:57:00,1.3M,tomhannen-20080411-mcn.tgz
5935,2008-04-12 07:57:00,1.4M,tomhannen-20080411-mjo.tgz
5936,2008-04-12 07:57:00,1.3M,tomhannen-20080411-mth.tgz
5937,2008-04-12 07:57:00,1.5M,tomhannen-20080411-pgd.tgz
5938,2008-04-12 07:57:00,1.6M,tomhannen-20080411-pvb.tgz
5939,2008-04-12 07:57:00,1.1M,tomhannen-20080411-qbo.tgz
5940,2008-04-12 07:57:00,1.3M,tomhannen-20080411-qdo.tgz
5941,2008-04-12 07:58:00,1.3M,tomhannen-20080411-qlp.tgz
5942,2008-04-12 07:58:00,1.9M,tomhannen-20080411-qvl.tgz
5943,2008-04-12 07:58:00,1.4M,tomhannen-20080411-qxk.tgz
5944,2008-04-12 07:58:00,1.5M,tomhannen-20080411-rfx.tgz
5945,2008-04-12 07:58:00,1.3M,tomhannen-20080411-rmh.tgz
5946,2008-04-12 07:58:00,1.4M,tomhannen-20080411-sbn.tgz
5947,2008-04-12 07:58:00,1.2M,tomhannen-20080411-vds.tgz
5948,2008-04-12 07:58:00,1.4M,tomhannen-20080411-xpi.tgz
5949,2008-04-12 07:58:00,1.3M,tomhannen-20080411-xzk.tgz
5950,2008-04-12 07:58:00,1.4M,tomhannen-20080411-ybm.tgz
5951,2008-04-12 07:58:00,1.4M,tomhannen-20080411-yvm.tgz
5952,2008-04-12 07:58:00,1.4M,tomhannen-20080411-yvy.tgz
5953,2008-04-12 07:58:00,1.3M,tomhannen-20080411-zcb.tgz
5954,2008-04-12 07:58:00,1.3M,tomhannen-20080411-zib.tgz
5955,2008-04-12 07:58:00,1.4M,tomhannwn-20080411-acr.tgz
5956,2008-04-12 07:58:00,1.2M,tomhannwn-20080411-zsu.tgz
5957,2008-06-05 07:39:00,1.0M,topherfangio-20080604-dgk.tgz
5958,2008-06-05 07:39:00,741K,topherfangio-20080604-edr.tgz
5959,2008-06-05 07:39:00,826K,topherfangio-20080604-egr.tgz
5960,2008-06-05 07:39:00,678K,topherfangio-20080604-ejv.tgz
5961,2008-06-05 07:39:00,719K,topherfangio-20080604-fcf.tgz
5962,2008-06-05 07:39:00,801K,topherfangio-20080604-feu.tgz
5963,2008-06-05 07:39:00,862K,topherfangio-20080604-fvf.tgz
5964,2008-06-05 07:39:00,827K,topherfangio-20080604-hkl.tgz
5965,2008-06-05 07:39:00,707K,topherfangio-20080604-imo.tgz
5966,2008-06-05 07:39:00,841K,topherfangio-20080604-ira.tgz
5967,2008-06-05 07:39:00,761K,topherfangio-20080604-jvb.tgz
5968,2008-06-05 07:39:00,763K,topherfangio-20080604-kzc.tgz
5969,2008-06-05 07:39:00,783K,topherfangio-20080604-nan.tgz
5970,2008-06-05 07:39:00,782K,topherfangio-20080604-nhn.tgz
5971,2008-06-05 07:39:00,819K,topherfangio-20080604-nnk.tgz
5972,2008-06-05 07:39:00,783K,topherfangio-20080604-nvd.tgz
5973,2008-06-05 07:39:00,760K,topherfangio-20080604-ojg.tgz
5974,2008-06-05 07:39:00,804K,topherfangio-20080604-qut.tgz
5975,2008-06-05 07:39:00,825K,topherfangio-20080604-rrw.tgz
5976,2008-06-05 07:39:00,645K,topherfangio-20080604-sci.tgz
5977,2008-06-05 07:39:00,677K,topherfangio-20080604-spf.tgz
5978,2008-06-05 07:39:00,778K,topherfangio-20080604-sxs.tgz
5979,2008-06-05 07:39:00,1.1M,topherfangio-20080604-tgh.tgz
5980,2008-06-05 07:39:00,810K,topherfangio-20080604-tjf.tgz
5981,2008-06-05 07:39:00,730K,topherfangio-20080604-trp.tgz
5982,2008-06-05 07:39:00,732K,topherfangio-20080604-twl.tgz
5983,2008-06-05 07:39:00,660K,topherfangio-20080604-wvs.tgz
5984,2008-06-05 07:39:00,682K,topherfangio-20080604-wyz.tgz
5985,2008-06-05 07:39:00,877K,topherfangio-20080604-xmp.tgz
5986,2014-08-25 04:35:00,1.5M,toranome-20140806-cbu.tgz
5987,2010-05-31 22:07:00,1.5M,toshihide-20100502-drx.tgz
5988,2010-02-02 17:06:00,1.4M,tozden-20090830-irc.tgz
5989,2010-02-02 17:06:00,1.1M,tozden-20090830-lfh.tgz
5990,2014-02-07 04:57:00,1.0M,treaki-20140114-bhv.tgz
5991,2010-02-10 05:29:00,4.7M,trevarthan-070403-vf3.tgz
5992,2010-02-10 05:26:00,5.8M,trevarthan-070403.tgz
5993,2010-05-31 22:04:00,1.2M,trimbak-20100315-icl.tgz
5994,2010-05-31 22:04:00,1.1M,trimbak-20100315-yia.tgz
5995,2013-03-30 04:07:00,1.3M,trinity15-20120923-gyk.tgz
5996,2010-02-02 17:06:00,887K,tristau-20090801-jli.tgz
5997,2010-02-02 17:06:00,871K,tristau-20090801-txl.tgz
5998,2010-02-02 17:06:00,923K,tristau-20090801-vnx.tgz
5999,2010-02-02 17:06:00,1.1M,tristau-20090801-whn.tgz
6000,2010-02-02 17:06:00,816K,tristau-20090801-wrv.tgz
6001,2010-02-02 17:06:00,932K,tristau-20090801-xxp.tgz
6002,2008-06-04 08:42:00,952K,troya-20080602-icd.tgz
6003,2014-02-26 04:40:00,1.3M,trrichar-20130915-xng.tgz
6004,2009-01-28 05:54:00,1.2M,ts87-20090126-etq.tgz
6005,2009-01-28 05:54:00,1.1M,ts87-20090126-gzh.tgz
6006,2009-01-28 05:54:00,1.0M,ts87-20090126-iop.tgz
6007,2009-01-28 05:54:00,1.2M,ts87-20090126-omo.tgz
6008,2009-01-28 05:54:00,1.1M,ts87-20090126-wns.tgz
6009,2012-05-09 16:11:00,1.0M,tsmock-20110613-thv.tgz
6010,2012-05-09 16:11:00,1.0M,tsmock-20110613-zmu.tgz
6011,2012-05-10 14:09:00,1.2M,tsmock-20111112-aee.tgz
6012,2012-05-10 14:10:00,1.0M,tsmock-20111112-ava.tgz
6013,2012-05-11 14:43:00,1.5M,tsmock-20120308-ltq.tgz
6014,2012-05-11 14:45:00,1.2M,tsmock-20120308-xrl.tgz
6015,2012-05-11 04:49:00,1.1M,tsmock-20120308-zuk.tgz
6016,2012-07-07 04:23:00,2.3M,tsmock-20120701-qts.tgz
6017,2012-07-07 04:22:00,2.1M,tsmock-20120703-pgs.tgz
6018,2012-07-07 04:23:00,2.1M,tsmock-20120703-ytp.tgz
6019,2012-07-07 04:26:00,1.6M,tsmock-20120704-aie.tgz
6020,2012-07-07 04:25:00,1.4M,tsmock-20120705-zdm.tgz
6021,2012-07-12 04:22:00,1.3M,tsmock-20120707-dki.tgz
6022,2012-07-12 04:24:00,1.3M,tsmock-20120707-mbv.tgz
6023,2012-07-12 04:24:00,1.3M,tsmock-20120707-moo.tgz
6024,2012-07-12 04:25:00,1.4M,tsmock-20120707-pbk.tgz
6025,2012-07-12 04:27:00,1.3M,tsmock-20120707-sdu.tgz
6026,2012-07-12 04:23:00,1.4M,tsmock-20120707-shn.tgz
6027,2012-07-20 04:33:00,1.3M,tsmock-20120716-ulk.tgz
6028,2012-07-17 13:08:00,1.1M,tsmock-20120716-ysn.tgz
6029,2012-07-20 10:59:00,1.4M,tsmock-20120719-ccb.tgz
6030,2012-07-20 10:59:00,1.3M,tsmock-20120719-get.tgz
6031,2012-07-20 10:59:00,1.3M,tsmock-20120719-gpy.tgz
6032,2012-07-20 10:59:00,1.3M,tsmock-20120719-ids.tgz
6033,2012-07-20 10:59:00,1.5M,tsmock-20120719-ljp.tgz
6034,2012-07-20 10:59:00,1.5M,tsmock-20120719-nfc.tgz
6035,2012-07-20 10:59:00,1.3M,tsmock-20120719-rlx.tgz
6036,2012-07-20 10:59:00,1.4M,tsmock-20120719-xfc.tgz
6037,2012-07-20 10:59:00,1.3M,tsmock-20120719-yev.tgz
6038,2012-07-30 15:49:00,1.3M,tsmock-20120720-wul.tgz
6039,2012-07-30 15:51:00,1.5M,tsmock-20120722-gsn.tgz
6040,2012-07-30 04:22:00,1.5M,tsmock-20120722-hjf.tgz
6041,2012-07-30 15:49:00,1.3M,tsmock-20120722-hnt.tgz
6042,2012-07-30 15:50:00,1.4M,tsmock-20120722-vca.tgz
6043,2012-07-30 15:51:00,1.3M,tsmock-20120722-yvt.tgz
6044,2012-07-30 04:23:00,1.4M,tsmock-20120724-apd.tgz
6045,2012-07-30 04:21:00,1.4M,tsmock-20120724-mcz.tgz
6046,2012-07-30 04:23:00,1.4M,tsmock-20120728-oel.tgz
6047,2012-07-30 15:48:00,1.4M,tsmock-20120728-ryi.tgz
6048,2013-03-09 15:10:00,1.3M,tsmock-20120806-aro.tgz
6049,2012-09-04 04:45:00,1.3M,tsmock-20120806-bue.tgz
6050,2012-09-04 04:42:00,1.2M,tsmock-20120806-gfu.tgz
6051,2013-03-09 15:11:00,1.4M,tsmock-20120806-hlo.tgz
6052,2013-03-09 15:10:00,1.3M,tsmock-20120806-hmu.tgz
6053,2013-03-09 15:09:00,1.5M,tsmock-20120806-hrw.tgz
6054,2012-09-04 04:45:00,1.2M,tsmock-20120806-uoa.tgz
6055,2013-03-09 15:09:00,1.3M,tsmock-20120806-vpt.tgz
6056,2012-09-04 04:38:00,1.1M,tsmock-20120813-uvo.tgz
6057,2012-09-04 04:41:00,1.3M,tsmock-20120815-jlr.tgz
6058,2013-03-28 04:06:00,1.1M,tsmock-20120930-jyf.tgz
6059,2013-03-30 04:06:00,1.0M,tsmock-20120930-uyi.tgz
6060,2013-05-08 17:13:00,1.4M,tsmock-20121014-uyq.tgz
6061,2013-04-10 04:29:00,1.2M,tsmock-20121207-akg.tgz
6062,2013-04-10 04:28:00,1.2M,tsmock-20121207-dwx.tgz
6063,2013-05-03 14:26:00,1.3M,tsmock-20121207-osi.tgz
6064,2013-04-10 04:29:00,1.0M,tsmock-20121213-jgc.tgz
6065,2013-04-10 04:28:00,1.0M,tsmock-20121213-qwt.tgz
6066,2013-04-10 04:28:00,1.1M,tsmock-20121213-swe.tgz
6067,2013-04-10 04:29:00,1.1M,tsmock-20121213-utq.tgz
6068,2013-05-03 14:23:00,1.0M,tsmock-20121215-gtn.tgz
6069,2013-06-12 04:05:00,1.9M,tsmock-20130610-orj.tgz
6070,2013-07-03 04:12:00,1.7M,tsmock-20130622-aho.tgz
6071,2013-06-24 04:05:00,1.6M,tsmock-20130622-etj.tgz
6072,2014-02-21 04:44:00,1.6M,tsmock-20130720-pgq.tgz
6073,2014-07-14 04:36:00,1.8M,tsmock-20140713-jau.tgz
6074,2008-02-01 03:44:00,3.7M,ttm-20071007.tgz
6075,2008-02-07 04:05:00,1.8M,ttm-20071009-poe.tgz
6076,2008-02-07 04:05:00,2.2M,ttm-20071016-poe.tgz
6077,2008-02-01 03:44:00,2.9M,ttm-20071016.tgz
6078,2008-02-07 04:05:00,2.0M,ttm-20071024-poe.tgz
6079,2008-02-01 03:44:00,3.7M,ttm-20071024.tgz
6080,2008-02-07 04:05:00,1.9M,ttm-20071102-poe.tgz
6081,2008-02-02 14:15:00,2.6M,ttm-20071102.tgz
6082,2013-05-06 04:16:00,1.3M,turtleman-20130413-zhx.tgz
6083,2014-02-07 04:56:00,1.2M,turtleman-20130621-xjz.tgz
6084,2010-02-02 17:07:00,1.1M,twoshades-20090322-oyf.tgz
6085,2010-02-02 17:07:00,1.1M,twoshades-20090322-rqr.tgz
6086,2010-02-02 17:07:00,847K,uklebot-20090813-jub.tgz
6087,2010-02-02 17:07:00,1.0M,uklebot-20090813-yez.tgz
6088,2010-02-02 17:07:00,781K,uklebot-20090813-zxl.tgz
6089,2013-04-09 04:16:00,1.1M,ulises-20130116-gzk.tgz
6090,2010-07-20 09:46:00,780K,ulor-20100711-uov.tgz
6091,2010-02-16 22:44:00,1.2M,ulrichard-20100205-uxe.tgz
6092,2009-01-09 10:34:00,807K,unbridledrage-20090106-bvx.tgz
6093,2009-01-09 10:34:00,752K,unbridledrage-20090106-clj.tgz
6094,2009-01-09 10:34:00,774K,unbridledrage-20090106-dho.tgz
6095,2009-01-09 10:34:00,761K,unbridledrage-20090106-drs.tgz
6096,2009-01-09 10:34:00,824K,unbridledrage-20090106-dwk.tgz
6097,2009-01-09 10:34:00,791K,unbridledrage-20090106-fzs.tgz
6098,2009-01-09 10:34:00,861K,unbridledrage-20090106-gej.tgz
6099,2009-01-09 10:34:00,855K,unbridledrage-20090106-han.tgz
6100,2009-01-09 10:34:00,855K,unbridledrage-20090106-hpf.tgz
6101,2009-01-09 10:34:00,691K,unbridledrage-20090106-ifx.tgz
6102,2009-01-09 10:34:00,760K,unbridledrage-20090106-kcf.tgz
6103,2009-01-09 10:34:00,691K,unbridledrage-20090106-koj.tgz
6104,2009-01-09 10:34:00,842K,unbridledrage-20090106-lpl.tgz
6105,2009-01-09 10:34:00,1.1M,unbridledrage-20090106-meb.tgz
6106,2009-01-09 10:34:00,789K,unbridledrage-20090106-mqp.tgz
6107,2009-01-09 10:34:00,900K,unbridledrage-20090106-ton.tgz
6108,2009-01-09 10:34:00,911K,unbridledrage-20090106-toy.tgz
6109,2009-01-09 10:34:00,800K,unbridledrage-20090106-uco.tgz
6110,2009-01-09 10:34:00,923K,unbridledrage-20090106-xfo.tgz
6111,2009-01-09 10:34:00,738K,unbridledrage-20090106-zzt.tgz
6112,2010-02-02 17:08:00,1.7M,unknow-20090722-qcs.tgz
6113,2017-02-01 04:13:00,2.4M,usaaib-20161111-bwv.tgz
6114,2017-02-01 04:13:00,2.4M,usaaib-20161111-hxe.tgz
6115,2017-02-01 13:11:00,1.9M,usaaib-20161111-kkc.tgz
6116,2014-04-25 04:36:00,1.4M,vandev1-20140401-dkn.tgz
6117,2014-04-25 04:37:00,1.7M,vandev1-20140401-ffc.tgz
6118,2014-04-25 04:36:00,1.3M,vandev1-20140401-lon.tgz
6119,2014-04-25 04:37:00,1.4M,vandev1-20140401-ytt.tgz
6120,2013-05-08 17:13:00,1.6M,vanja73-20130505-ixz.tgz
6121,2010-02-02 17:08:00,1.0M,vertago1-20090805-dka.tgz
6122,2010-02-02 17:08:00,1.1M,vertago1-20090805-ead.tgz
6123,2010-02-02 17:08:00,1.1M,vertago1-20090805-efa.tgz
6124,2010-02-02 17:08:00,954K,vertago1-20090805-hyu.tgz
6125,2010-02-02 17:08:00,917K,vertago1-20090805-mda.tgz
6126,2010-02-02 17:08:00,1.0M,vertago1-20090805-mfz.tgz
6127,2010-02-02 17:08:00,1.3M,vertago1-20090805-qla.tgz
6128,2010-02-02 17:08:00,1.0M,vertago1-20090805-qrc.tgz
6129,2013-04-09 04:16:00,1.3M,vikasrij-20130111-bhz.tgz
6130,2008-04-17 04:08:00,1.0M,vikramjb-20080416-cls.tgz
6131,2012-05-11 14:41:00,1.8M,vinay-20120131-luu.tgz
6132,2012-05-11 14:43:00,1.9M,vinay-20120131-rum.tgz
6133,2007-11-20 03:28:00,1.0M,vince-20071118-tez.tgz
6134,2013-05-08 17:12:00,1.0M,violet6008-20121119-fya.tgz
6135,2013-05-08 17:11:00,1.0M,violet6008-20121119-myk.tgz
6136,2013-05-08 17:14:00,1.1M,violet6008-20121119-tsf.tgz
6137,2013-05-08 17:13:00,1.0M,violet6008-20121119-xwz.tgz
6138,2013-05-08 17:12:00,1.7M,vklimkov-20121120-mbl.tgz
6139,2013-04-10 04:28:00,1.5M,volkerbradley-20121230-nsg.tgz
6140,2013-04-10 04:28:00,1.8M,volkerbradley-20121230-prd.tgz
6141,2013-04-10 04:28:00,2.4M,volkerbradley-20121230-pwh.tgz
6142,2013-04-10 04:28:00,1.8M,volkerbradley-20121230-snc.tgz
6143,2013-05-03 14:26:00,1.6M,volkerbradley-20121230-xlt.tgz
6144,2013-04-10 04:28:00,1.8M,volkerbradley-20121230-zrd.tgz
6145,2013-04-10 04:28:00,2.0M,volkerbradley-20121231-nrj.tgz
6146,2013-05-03 14:25:00,2.1M,volkerbradley-20121231-zli.tgz
6147,2013-04-05 04:21:00,1.9M,volkerbradley-20130102-myz.tgz
6148,2013-04-05 04:22:00,2.1M,volkerbradley-20130102-sal.tgz
6149,2010-09-21 08:14:00,1.2M,voltagex-20100821-opc.tgz
6150,2010-02-02 17:09:00,1.2M,vorcollion-20091013-stb.tgz
6151,2010-02-02 17:09:00,1.4M,vschum-20090719-dob.tgz
6152,2010-02-02 17:09:00,1.2M,vschum-20090719-hak.tgz
6153,2010-02-02 17:09:00,1.3M,vschum-20090719-hfr.tgz
6154,2010-02-02 17:09:00,1.0M,vschum-20090719-ktq.tgz
6155,2010-02-02 17:09:00,1.5M,vschum-20090719-rjj.tgz
6156,2012-05-07 15:08:00,944K,vschum-20110103-aqz.tgz
6157,2012-05-11 14:42:00,1.3M,vschum-20120224-wpn.tgz
6158,2008-12-04 10:27:00,709K,wajkordanii-20081116-ggv.tgz
6159,2008-12-04 10:27:00,958K,wajordanii-20081116-uay.tgz
6160,2014-09-13 04:20:00,1.2M,waldyrious-20140912-dod.tgz
6161,2014-09-13 04:20:00,1.3M,waldyrious-20140912-dtk.tgz
6162,2014-09-13 04:20:00,1.2M,waldyrious-20140912-scj.tgz
6163,2012-05-10 14:07:00,1.2M,wazzyl-20111109-chb.tgz
6164,2012-06-14 04:24:00,1.1M,wegoright-20120303-kwy.tgz
6165,2013-05-08 17:13:00,1.1M,wesjackson-20130502-kky.tgz
6166,2013-05-08 17:12:00,1.3M,wesjackson-20130502-yeo.tgz
6167,2010-02-02 17:09:00,944K,whappy-20090617-ltq.tgz
6168,2012-05-08 13:09:00,1.5M,wheel_of_fire-20110405-bkh.tgz
6169,2012-05-08 13:08:00,1.5M,wheel_of_fire-20110405-ddf.tgz
6170,2007-11-22 03:29:00,5.7M,wicke-20071121.tgz
6171,2009-03-18 14:06:00,1.1M,wicke-20090313-dcc.tgz
6172,2009-03-19 11:47:00,1.1M,wicke-20090313-dga.tgz
6173,2009-03-18 14:06:00,1.1M,wicke-20090313-hep.tgz
6174,2009-03-18 14:06:00,1.1M,wicke-20090313-vzl.tgz
6175,2009-03-19 11:47:00,1.2M,wicke-20090313-wnm.tgz
6176,2009-03-18 14:06:00,1.1M,wicke-20090313-yxo.tgz
6177,2009-03-18 14:06:00,1.2M,wicke-20090314-bhq.tgz
6178,2009-03-19 11:47:00,1.1M,wicke-20090314-fdu.tgz
6179,2009-03-19 11:47:00,1.2M,wicke-20090314-jqn.tgz
6180,2009-03-19 11:47:00,1.6M,wicke-20090314-jtl.tgz
6181,2009-03-18 14:06:00,1.2M,wicke-20090314-jzq.tgz
6182,2009-03-19 11:47:00,1.0M,wicke-20090314-poa.tgz
6183,2009-03-18 14:06:00,1.1M,wicke-20090314-tdm.tgz
6184,2009-03-18 14:06:00,1.2M,wicke-20090314-wup.tgz
6185,2009-03-18 14:06:00,1.1M,wicke-20090314-xkm.tgz
6186,2009-03-18 14:06:00,1.2M,wicke-20090314-znl.tgz
6187,2009-03-18 14:06:00,1.1M,wicke-20090316-wii.tgz
6188,2009-01-28 05:54:00,1.0M,wolktm-20090114-kly.tgz
6189,2012-05-11 04:46:00,1.2M,wsloand-20111229-fqk.tgz
6190,2012-05-11 04:51:00,1.0M,wsloand-20111229-ogp.tgz
6191,2008-04-27 08:07:00,698K,xaviergonz-20080419-myf.tgz
6192,2008-04-27 08:07:00,738K,xaviergonz-20080419-uje.tgz
6193,2008-04-27 08:07:00,909K,xaviergonz-20080419-vmv.tgz
6194,2008-06-04 08:42:00,914K,xenobyte72-20080530-pgo.tgz
6195,2012-05-07 15:09:00,1.6M,xentalion-20101209-zcf.tgz
6196,2010-08-06 11:21:00,1.5M,xh-20100802-aed.tgz
6197,2010-09-21 08:17:00,1.0M,xh-20100802-cht.tgz
6198,2010-08-06 11:20:00,1.1M,xh-20100802-dvc.tgz
6199,2010-08-06 11:19:00,1.2M,xh-20100802-egd.tgz
6200,2010-08-06 11:20:00,1.1M,xh-20100802-jzc.tgz
6201,2010-08-06 11:21:00,1.3M,xh-20100802-lfs.tgz
6202,2010-08-06 11:19:00,1.3M,xh-20100802-mvp.tgz
6203,2010-08-06 11:20:00,1.3M,xh-20100802-ocg.tgz
6204,2010-08-06 11:19:00,1.4M,xh-20100802-pjn.tgz
6205,2010-08-06 11:18:00,1.5M,xh-20100802-qey.tgz
6206,2010-08-06 11:21:00,1.2M,xh-20100802-qsv.tgz
6207,2010-08-06 11:21:00,1.4M,xh-20100802-rdg.tgz
6208,2010-08-06 11:20:00,1.4M,xh-20100802-yvb.tgz
6209,2014-04-23 04:41:00,1.2M,xori-20140402-igo.tgz
6210,2008-09-29 06:23:00,1.3M,xtophe-20080924-ejb.tgz
6211,2008-09-29 06:23:00,1.3M,xtophe-20080924-hsu.tgz
6212,2008-09-30 06:27:00,1.2M,xtophe-20080924-oqk.tgz
6213,2008-09-29 06:23:00,1.2M,xtophe-20080924-pqx.tgz
6214,2008-09-29 06:23:00,1.7M,xtophe-20080924-ulu.tgz
6215,2008-09-30 06:27:00,1.0M,xtophe-20080924-wcq.tgz
6216,2008-09-29 06:23:00,1.3M,xtophe-20080924-xog.tgz
6217,2008-09-29 06:23:00,1.1M,xtophe-20080924-zhr.tgz
6218,2012-05-10 14:06:00,1.0M,yacineyacine-20111103-qba.tgz
6219,2010-02-02 17:10:00,641K,yanlongwang-20090706-egd.tgz
6220,2008-12-21 17:38:00,1.0M,yassin-20081216-ujk.tgz
6221,2009-02-26 12:04:00,1.2M,yebbey-20090217-das.tgz
6222,2013-06-29 04:05:00,1.2M,yoyology-20130628-enc.tgz
6223,2013-06-29 04:05:00,1.2M,yoyology-20130628-uce.tgz
6224,2009-02-26 12:04:00,1.0M,z4k-20090224-ndw.tgz
6225,2010-06-04 12:44:00,1.7M,zack-20100514-gvi.tgz
6226,2012-06-14 04:20:00,1.3M,zaka50-20110113-gfa.tgz
6227,2012-05-08 21:03:00,1.7M,zaoter-20110329-kzi.tgz
6228,2014-02-21 04:45:00,1.1M,zcarrell-20130728-aji.tgz
6229,2014-02-21 04:44:00,1.1M,zcarrell-20130728-xor.tgz
6230,2010-09-21 08:15:00,2.0M,zeltanaco-20100911-cis.tgz
6231,2017-02-02 13:15:00,6.5M,zeroschism-20160710.tgz
6232,2013-04-02 04:10:00,844K,zhao-20130326-hxz.tgz
6233,2013-06-16 04:08:00,1.5M,zhihuich-20130615-xey.tgz
6234,2010-09-21 08:16:00,778K,zid-20100821-kto.tgz
6235,2010-02-02 17:11:00,1.2M,zlp-20100110-gyn.tgz
6236,2010-02-02 17:11:00,1.2M,zlp-20100110-hpf.tgz
6237,2010-02-02 17:11:00,1.2M,zlp-20100110-jmb.tgz
6238,2010-02-02 17:11:00,1.4M,zlp-20100110-jwa.tgz
6239,2010-02-02 17:11:00,1.4M,zlp-20100110-kgx.tgz
6240,2010-02-02 17:11:00,1.3M,zlp-20100110-lbe.tgz
6241,2010-02-02 17:11:00,1.4M,zlp-20100110-ujo.tgz
6242,2010-02-02 17:11:00,1.5M,zlp-20100110-vuh.tgz
6243,2010-02-02 17:11:00,1.4M,zlp-20100110-wwn.tgz
